Player,Team,Accurate Long Balls per 90,Successful Long Balls (%),Accurate Passes per 90,Pass Success (%),Big Chances Created,Total Assists,Big Chances Missed,Clean Sheets,Goals Conceded,Successful Dribbles per 90,Dribble Success Rate (%),Clearances per 90,Total Clearances,Expected Assists (xA),Actual Assists,Expected Assists per 90,Actual Assists per 90,Expected Goals (xG),Expected Goals on Target (xGOT),Expected Goals per 90,Fouls Committed per 90,Goals Conceded per 90,Total Goals Conceded,Total Goals,Interceptions per 90,Total Interceptions,Shots on Target per 90,Shot Accuracy (%),Blocks per 90,Total Blocks,Penalties Conceded,Total Matches,Penalties Won,Fouls Won per 90,FotMob Rating,Player of the Match Awards,Possessions Won in Final 3rd per 90,Possessions Won Midfield per 90,Saves per 90,Total Saves,Tackles per 90,Tackle Success Rate (%),Assists,Secondary Assists,Goals,Penalties,Chances Created,Chances Created per 90,Shots per 90,Yellow Cards,Minutes,Matches,Country,Shot Conversion Rate (%),Actual Goals,Goals per 90,Red Cards,Pos,Age,Position_Group,Metrics_Available,Metrics_Required,Metric_Coverage,Metric_Coverage_Pct,Tackles per 90 Percentile,Tackle Success Rate (%) Percentile,Interceptions per 90 Percentile,Clearances per 90 Percentile,Blocks per 90 Percentile,Accurate Passes per 90 Percentile,Pass Success (%) Percentile,Accurate Long Balls per 90 Percentile,Successful Long Balls (%) Percentile,Possessions Won Midfield per 90 Percentile,Chances Created per 90 Percentile,Expected Assists per 90 Percentile,Actual Assists per 90 Percentile,Successful Dribbles per 90 Percentile,Goals per 90 Percentile,Expected Goals per 90 Percentile,Shots per 90 Percentile,Shots on Target per 90 Percentile,Shot Accuracy (%) Percentile,Shot Conversion Rate (%) Percentile,Scouting_Score,Defensive_Defender_Tackles_per_90_Pct,Defensive_Defender_Tackle_Success_Rate_(%)_Pct,Defensive_Defender_Interceptions_per_90_Pct,Defensive_Defender_Clearances_per_90_Pct,Defensive_Defender_Blocks_per_90_Pct,Defensive Defender Score,Ball_Playing_Defender_Accurate_Passes_per_90_Pct,Ball_Playing_Defender_Pass_Success_(%)_Pct,Ball_Playing_Defender_Accurate_Long_Balls_per_90_Pct,Ball_Playing_Defender_Successful_Long_Balls_(%)_Pct,Ball Playing Defender Score,Ball_Winning_Midfielder_Tackles_per_90_Pct,Ball_Winning_Midfielder_Interceptions_per_90_Pct,Ball_Winning_Midfielder_Possessions_Won_Midfield_per_90_Pct,Ball Winning Midfielder Score,Creative_Midfielder_Chances_Created_per_90_Pct,Creative_Midfielder_Expected_Assists_per_90_Pct,Creative_Midfielder_Actual_Assists_per_90_Pct,Creative_Midfielder_Accurate_Passes_per_90_Pct,Creative_Midfielder_Successful_Dribbles_per_90_Pct,Creative Midfielder Score,Goal_Scorer_Goals_per_90_Pct,Goal_Scorer_Expected_Goals_per_90_Pct,Goal_Scorer_Shots_per_90_Pct,Goal_Scorer_Shots_on_Target_per_90_Pct,Goal_Scorer_Shot_Accuracy_(%)_Pct,Goal_Scorer_Shot_Conversion_Rate_(%)_Pct,Goal Scorer Score,Creative_Forward_Expected_Assists_per_90_Pct,Creative_Forward_Actual_Assists_per_90_Pct,Creative_Forward_Chances_Created_per_90_Pct,Creative_Forward_Successful_Dribbles_per_90_Pct,Creative Forward Score,Defensive Defender Metrics Available,Defensive Defender Eligible,Ball Playing Defender Metrics Available,Ball Playing Defender Eligible,Ball Winning Midfielder Metrics Available,Ball Winning Midfielder Eligible,Creative Midfielder Metrics Available,Creative Midfielder Eligible,Goal Scorer Metrics Available,Goal Scorer Eligible,Creative Forward Metrics Available,Creative Forward Eligible
Aaron Wan-Bissaka,Manchester United,0.7,31.7,34.9,82.9,1.0,2.0,,,,0.9,65.4,2.7,54.0,1.4,2.0,0.07,0.1,0.1,0.0,0.01,0.9,,,,2.1,41.0,0.1,33.3,0.8,15.0,1.0,22.0,,,7.03,1.0,0.3,1.8,,,1.3,59.5,2.0,1.4,,,12.0,0.6,0.2,4.0,1781,22,ENG,0.0,0.0,0.0,0.0,DF,25.0,Defender,9.0,7.0,1.2857142857142858,100.0,69.04761904761905,47.14285714285714,98.57142857142858,46.666666666666664,70.47619047619048,40.95238095238095,49.047619047619044,2.380952380952381,12.380952380952381,,,,,,,,,,,,48.5,69.04761904761905,47.14285714285714,98.57142857142858,46.666666666666664,70.47619047619048,66.4,40.95238095238095,49.047619047619044,2.380952380952381,12.380952380952381,26.2,,,,,,,,,,,,,,,,,,,,,,,5.0,True,4.0,True,,,,,,,,
Abdoulaye Doucouré,Everton,0.6,48.6,23.2,78.5,4.0,2.0,10.0,,,0.9,54.3,0.6,18.0,1.5,2.0,0.05,0.1,8.8,8.8,0.3,1.8,,,7.0,0.5,15.0,0.8,48.9,0.1,3.0,1.0,32.0,,,7.01,0.0,0.9,2.1,,,0.9,62.8,2.0,1.5,7.0,0.0,34.0,1.2,1.6,7.0,2637,32,MLI,14.9,7.0,0.24,0.0,"FW,MF",30.0,Forward,10.0,7.0,1.4285714285714286,100.0,,,,,,,,,,,46.2962962962963,9.49367088607595,32.91139240506329,24.68354430379747,29.11392405063291,43.67088607594937,6.962025316455696,25.949367088607595,81.0126582278481,58.0246913580247,35.8,,,,,,,,,,,,,,,,,,,,,,29.11392405063291,43.67088607594937,6.962025316455696,25.949367088607595,81.0126582278481,58.0246913580247,40.8,9.49367088607595,32.91139240506329,46.2962962962963,24.68354430379747,28.3,,,,,,,,,6.0,True,4.0,True
Adam Smith,Bournemouth,1.0,18.9,24.7,77.1,2.0,2.0,,,,0.2,33.3,2.0,49.0,1.7,2.0,0.07,0.1,0.1,,0.0,1.3,,,,0.9,21.0,,,0.5,11.0,2.0,28.0,,,6.71,0.0,0.1,1.3,,,1.0,62.2,2.0,1.7,,,17.0,0.7,0.1,6.0,2156,28,ENG,0.0,0.0,0.0,0.0,DF,32.0,Defender,9.0,7.0,1.2857142857142858,100.0,44.285714285714285,61.904761904761905,35.23809523809524,19.047619047619047,45.23809523809524,11.428571428571429,19.047619047619047,13.333333333333334,0.9523809523809524,,,,,,,,,,,,27.8,44.285714285714285,61.904761904761905,35.23809523809524,19.047619047619047,45.23809523809524,41.1,11.428571428571429,19.047619047619047,13.333333333333334,0.9523809523809524,11.2,,,,,,,,,,,,,,,,,,,,,,,5.0,True,4.0,True,,,,,,,,
Adam Webster,Brighton and Hove Albion,,,,,,,,,,,,,,0.3,0.0,,,0.6,,,,,,,,,,,,,,,,,,,,,,,,,,,,,5.0,0.4,,,1143,15,ENG,,0.0,,0.0,DF,28.0,Defender,0.0,7.0,0.0,0.0,,,,,,,,,,,,,,,,,,,,,,,,,,,,,,,,,,,,,,,,,,,,,,,,,,,,,,,0.0,False,0.0,False,,,,,,,,
Adam Wharton,Crystal Palace,,,,,5.0,3.0,,,,,,,,1.5,3.0,,,0.3,0.0,,,,,,,,,,,,,,,,,,,,,,,,3.0,1.5,,,21.0,1.4,,,1305,16,ENG,,0.0,,0.0,MF,19.0,Midfielder,1.0,7.0,0.14285714285714285,10.0,,,,,,,,,,,65.68627450980392,,,,,,,,,,,,,,,,,,,,,,,,,,65.68627450980392,,,,,,,,,,,,,,,,,,,,,,0.0,False,1.0,False,,,,
Albert Sambi Lokonga,Luton Town,,,,,2.0,3.0,,,,,,,,0.8,3.0,,,0.6,0.6,,,,,,,,,,,,,,,,,,,,,,,,3.0,0.8,1.0,0.0,9.0,0.6,,,1308,17,BEL,,1.0,,0.0,MF,23.0,Midfielder,1.0,7.0,0.14285714285714285,10.0,,,,,,,,,,,15.686274509803921,,,,,,,,,,,,,,,,,,,,,,,,,,15.686274509803921,,,,,,,,,,,,,,,,,,,,,,0.0,False,1.0,False,,,,
Alejandro Garnacho,Manchester United,0.7,45.2,23.2,79.4,6.0,4.0,7.0,,,1.7,43.2,0.4,12.0,2.9,4.0,0.1,0.1,8.7,7.0,0.3,0.7,,,7.0,0.6,18.0,1.0,28.0,0.1,2.0,,,2.0,1.9,7.09,2.0,0.7,1.4,,,0.5,68.2,4.0,2.9,7.0,0.0,46.0,1.6,3.5,4.0,2573,36,ARG,7.0,7.0,0.24,0.0,FW,19.0,Forward,10.0,7.0,1.4285714285714286,100.0,,,,,,,,,,,69.1358024691358,39.24050632911392,32.91139240506329,69.62025316455697,29.11392405063291,43.67088607594937,88.60759493670885,49.36708860759494,8.860759493670885,8.641975308641975,43.9,,,,,,,,,,,,,,,,,,,,,,29.11392405063291,43.67088607594937,88.60759493670885,49.36708860759494,8.860759493670885,8.641975308641975,38.0,39.24050632911392,32.91139240506329,69.1358024691358,69.62025316455697,52.7,,,,,,,,,6.0,True,4.0,True
Alex Iwobi,Fulham,1.5,48.8,31.7,81.6,5.0,2.0,2.0,,,1.5,54.8,0.2,6.0,4.3,2.0,0.17,0.1,5.7,6.1,0.22,0.5,,,5.0,0.6,15.0,0.8,36.4,,,,,,,7.06,2.0,0.8,2.4,,,0.7,58.1,2.0,4.3,5.0,0.0,53.0,2.0,2.1,2.0,2342,32,NGA,9.1,5.0,0.19,0.0,"FW,MF",27.0,Forward,10.0,7.0,1.4285714285714286,100.0,,,,,,,,,,,84.5679012345679,68.9873417721519,32.91139240506329,60.75949367088608,17.72151898734177,26.582278481012654,29.746835443037973,25.949367088607595,29.746835443037973,19.753086419753085,39.7,,,,,,,,,,,,,,,,,,,,,,17.72151898734177,26.582278481012654,29.746835443037973,25.949367088607595,29.746835443037973,19.753086419753085,24.9,68.9873417721519,32.91139240506329,84.5679012345679,60.75949367088608,61.8,,,,,,,,,6.0,True,4.0,True
Alex Scott,Bournemouth,1.3,51.7,31.2,81.0,4.0,1.0,,,,1.2,39.4,1.5,17.0,1.1,1.0,0.09,0.1,0.7,0.9,0.06,1.8,,,1.0,1.1,12.0,0.4,26.7,0.4,4.0,,,,,6.65,1.0,0.9,2.5,,,1.3,62.5,1.0,1.1,1.0,0.0,22.0,2.0,1.3,3.0,1010,23,ENG,6.7,1.0,0.09,0.0,MF,19.0,Midfielder,10.0,7.0,1.4285714285714286,100.0,61.82795698924731,,64.51612903225806,,,37.634408602150536,33.33333333333333,37.634408602150536,,46.774193548387096,82.35294117647058,41.935483870967744,51.61290322580645,76.34408602150538,,,,,,,53.4,,,,,,,,,,,,61.82795698924731,64.51612903225806,46.774193548387096,57.7,82.35294117647058,41.935483870967744,51.61290322580645,37.634408602150536,76.34408602150538,58.0,,,,,,,,,,,,,,,,,3.0,True,5.0,True,,,,
Alexander Isak,Newcastle United,0.4,66.7,15.1,80.0,5.0,2.0,21.0,,,1.7,60.0,0.5,12.0,2.8,2.0,0.11,0.1,20.3,22.8,0.81,0.6,,,21.0,0.2,6.0,1.7,55.1,0.0,1.0,,,1.0,0.6,7.37,4.0,0.5,0.8,,,,,2.0,2.8,21.0,5.0,27.0,1.1,3.1,1.0,2265,30,SWE,26.9,21.0,0.83,0.0,FW,23.0,Forward,10.0,7.0,1.4285714285714286,100.0,,,,,,,,,,,37.03703703703704,43.67088607594937,32.91139240506329,69.62025316455697,98.73417721518987,98.10126582278481,75.31645569620254,94.9367088607595,93.67088607594937,95.06172839506173,73.9,,,,,,,,,,,,,,,,,,,,,,98.73417721518987,98.10126582278481,75.31645569620254,94.9367088607595,93.67088607594937,95.06172839506173,92.6,43.67088607594937,32.91139240506329,37.03703703703704,69.62025316455697,45.8,,,,,,,,,6.0,True,4.0,True
Alexis Mac Allister,Liverpool,2.1,57.5,58.4,87.8,3.0,5.0,2.0,,,0.6,60.0,0.9,25.0,4.9,5.0,0.17,0.2,3.7,4.4,0.13,1.8,,,5.0,1.2,35.0,0.3,20.5,0.3,8.0,,,,,7.51,3.0,0.8,3.4,,,1.9,55.6,5.0,4.9,5.0,1.0,47.0,1.6,1.5,7.0,2609,33,ARG,11.4,5.0,0.17,1.0,MF,24.0,Midfielder,10.0,7.0,1.4285714285714286,100.0,91.39784946236558,,73.11827956989248,,,86.55913978494624,75.26881720430107,66.12903225806451,,84.94623655913979,74.50980392156863,77.41935483870968,78.49462365591397,36.02150537634409,,,,,,,74.4,,,,,,,,,,,,91.39784946236558,73.11827956989248,84.94623655913979,83.2,74.50980392156863,77.41935483870968,78.49462365591397,86.55913978494624,36.02150537634409,70.6,,,,,,,,,,,,,,,,,3.0,True,5.0,True,,,,
Alfie Doughty,Luton Town,2.0,39.1,25.1,75.2,10.0,8.0,2.0,,,1.0,57.9,1.1,36.0,5.4,8.0,0.17,0.2,1.3,1.6,0.04,0.9,,,2.0,0.9,31.0,0.2,30.8,0.3,9.0,,,,,7.16,2.0,0.3,1.8,,,1.2,63.5,8.0,5.4,2.0,0.0,70.0,2.1,0.8,5.0,2937,37,ENG,7.7,2.0,0.06,0.0,DF,23.0,Defender,9.0,7.0,1.2857142857142858,100.0,60.476190476190474,71.42857142857143,35.23809523809524,3.8095238095238098,20.952380952380953,12.857142857142856,8.571428571428571,57.14285714285714,41.904761904761905,,,,,,,,,,,,34.7,60.476190476190474,71.42857142857143,35.23809523809524,3.8095238095238098,20.952380952380953,38.4,12.857142857142856,8.571428571428571,57.14285714285714,41.904761904761905,30.1,,,,,,,,,,,,,,,,,,,,,,,5.0,True,4.0,True,,,,,,,,
Alisson Becker,Liverpool,,,30.3,85.1,,,,8.0,30.0,,,0.8,21.0,0.0,0.0,0.0,0.0,,,,0.0,1.1,30.0,,,,,,,,,,,,6.7,0.0,,,3.0,83.0,,,,,,,1.0,0.0,,1.0,2520,28,BRA,,,,0.0,GK,30.0,Goalkeeper,,,,,,,,,,,,,,,,,,,,,,,,,,,,,,,,,,,,,,,,,,,,,,,,,,,,,,,,,,,,,,,,,,,,,,
Alphonse Areola,West Ham United,,,14.2,59.3,,,,4.0,53.0,0.0,100.0,0.9,27.0,0.0,0.0,0.0,0.0,,,,0.1,1.8,53.0,,0.0,1.0,,,,,2.0,31.0,,,6.94,4.0,,,4.6,138.0,0.0,100.0,,,,,,,,1.0,2699,31,FRA,,,,0.0,GK,30.0,Goalkeeper,,,,,,,,,,,,,,,,,,,,,,,,,,,,,,,,,,,,,,,,,,,,,,,,,,,,,,,,,,,,,,,,,,,,,,
Amadou Onana,Everton,2.6,70.9,37.4,84.9,4.0,0.0,1.0,,,0.5,60.0,1.3,30.0,1.4,0.0,0.06,0.0,2.0,0.8,0.09,1.6,,,2.0,0.9,21.0,0.3,20.7,0.3,6.0,1.0,30.0,,,7.04,1.0,0.7,3.6,,,1.6,53.5,,,2.0,0.0,18.0,0.8,1.2,5.0,2090,30,BEL,6.9,2.0,0.09,0.0,MF,21.0,Midfielder,10.0,7.0,1.4285714285714286,100.0,83.87096774193549,,52.68817204301075,,,53.76344086021505,54.83870967741935,79.03225806451613,,89.24731182795699,29.901960784313726,20.43010752688172,17.741935483870968,27.956989247311824,,,,,,,50.9,,,,,,,,,,,,83.87096774193549,52.68817204301075,89.24731182795699,75.3,29.901960784313726,20.43010752688172,17.741935483870968,53.76344086021505,27.956989247311824,30.0,,,,,,,,,,,,,,,,,3.0,True,5.0,True,,,,
Amari'i Bell,Luton Town,1.5,31.5,32.8,79.6,,,1.0,,,0.5,40.0,2.9,55.0,0.5,0.0,0.03,0.0,0.3,0.8,0.01,1.1,,,,1.3,25.0,0.1,100.0,0.8,15.0,,,,,6.58,0.0,0.2,1.8,,,1.7,66.0,,,,,8.0,0.4,0.1,0.0,1722,21,JAM,0.0,0.0,0.0,,DF,29.0,Defender,9.0,7.0,1.2857142857142858,100.0,91.42857142857143,80.95238095238095,79.04761904761905,56.19047619047619,70.47619047619048,35.23809523809524,34.285714285714285,35.23809523809524,10.952380952380953,,,,,,,,,,,,54.9,91.42857142857143,80.95238095238095,79.04761904761905,56.19047619047619,70.47619047619048,75.6,35.23809523809524,34.285714285714285,35.23809523809524,10.952380952380953,28.9,,,,,,,,,,,,,,,,,,,,,,,5.0,True,4.0,True,,,,,,,,
Ameen Al Dakhil,Burnley,,,,,,,,,,,,,,0.6,0.0,,,1.3,1.4,,,,,,,,,,,,1.0,13.0,,,,,,,,,,,,,1.0,0.0,2.0,0.2,,,1055,13,BEL,,1.0,,0.0,DF,21.0,Defender,0.0,7.0,0.0,0.0,,,,,,,,,,,,,,,,,,,,,,,,,,,,,,,,,,,,,,,,,,,,,,,,,,,,,,,0.0,False,0.0,False,,,,,,,,
Andre Brooks,Sheffield United,0.3,14.3,18.2,77.0,,,1.0,,,1.1,52.2,1.3,14.0,0.3,0.0,0.03,0.0,0.4,0.1,0.04,1.1,,,,1.3,14.0,0.2,22.2,0.1,1.0,,,,,6.33,0.0,0.4,2.5,,,1.2,59.1,,,,,3.0,0.3,0.9,1.0,942,20,ENG,0.0,0.0,0.0,0.0,"MF,DF",19.0,Midfielder,10.0,7.0,1.4285714285714286,100.0,54.3010752688172,,83.33333333333334,,,5.376344086021505,12.903225806451612,2.1505376344086025,,46.774193548387096,2.941176470588235,6.989247311827956,17.741935483870968,69.89247311827957,,,,,,,30.2,,,,,,,,,,,,54.3010752688172,83.33333333333334,46.774193548387096,61.5,2.941176470588235,6.989247311827956,17.741935483870968,5.376344086021505,69.89247311827957,20.6,,,,,,,,,,,,,,,,,3.0,True,5.0,True,,,,
Andre Onana,Manchester United,,,25.4,70.4,,,,9.0,58.0,0.0,100.0,0.6,24.0,0.1,0.0,0.0,0.0,,,,0.0,1.5,58.0,,,,,,,,1.0,38.0,,,6.86,2.0,,,3.9,149.0,,,,,,,3.0,0.1,,5.0,3420,38,CMR,,,,0.0,GK,27.0,Goalkeeper,,,,,,,,,,,,,,,,,,,,,,,,,,,,,,,,,,,,,,,,,,,,,,,,,,,,,,,,,,,,,,,,,,,,,,
Andreas Pereira,Fulham,1.7,46.7,28.6,78.8,9.0,7.0,3.0,,,0.6,46.3,0.4,11.0,5.7,7.0,0.19,0.2,4.6,4.4,0.16,0.8,,,3.0,0.1,4.0,0.5,30.8,0.1,2.0,,,,,6.89,2.0,0.8,1.6,,,0.4,48.0,7.0,5.7,3.0,0.0,84.0,2.9,1.8,6.0,2637,37,BRA,5.8,3.0,0.1,0.0,MF,27.0,Midfielder,10.0,7.0,1.4285714285714286,100.0,5.376344086021505,,1.6129032258064515,,,29.03225806451613,21.50537634408602,54.83870967741935,,6.989247311827956,96.07843137254902,82.79569892473118,78.49462365591397,36.02150537634409,,,,,,,41.3,,,,,,,,,,,,5.376344086021505,1.6129032258064515,6.989247311827956,4.7,96.07843137254902,82.79569892473118,78.49462365591397,29.03225806451613,36.02150537634409,64.5,,,,,,,,,,,,,,,,,3.0,True,5.0,True,,,,
Andrew Robertson,Liverpool,2.5,49.0,58.1,87.7,10.0,2.0,,,,0.3,29.4,1.8,34.0,4.4,2.0,0.23,0.1,1.9,2.1,0.1,0.5,,,3.0,0.7,13.0,0.4,58.3,0.3,6.0,,,,,7.48,0.0,0.2,2.1,,,1.3,68.6,2.0,4.4,3.0,0.0,62.0,3.3,0.6,2.0,1691,23,SCO,25.0,3.0,0.16,0.0,DF,29.0,Defender,9.0,7.0,1.2857142857142858,100.0,69.04761904761905,90.47619047619048,13.80952380952381,12.380952380952381,20.952380952380953,82.85714285714286,74.28571428571429,71.42857142857143,73.33333333333333,,,,,,,,,,,,56.5,69.04761904761905,90.47619047619048,13.80952380952381,12.380952380952381,20.952380952380953,41.3,82.85714285714286,74.28571428571429,71.42857142857143,73.33333333333333,75.5,,,,,,,,,,,,,,,,,,,,,,,5.0,True,4.0,True,,,,,,,,
Andros Townsend,Luton Town,1.1,42.9,20.8,80.2,2.0,3.0,,,,1.2,53.3,0.7,9.0,1.8,3.0,0.13,0.2,1.2,1.9,0.09,1.0,,,1.0,0.4,5.0,0.5,35.0,,,,,,,6.55,0.0,1.2,1.5,,,1.0,61.9,3.0,1.8,1.0,0.0,18.0,1.3,1.5,1.0,1209,27,ENG,5.0,1.0,0.07,0.0,"MF,FW",32.0,Midfielder,10.0,7.0,1.4285714285714286,100.0,37.096774193548384,,9.13978494623656,,,8.60215053763441,26.881720430107524,26.881720430107524,,4.838709677419355,60.29411764705882,63.97849462365591,78.49462365591397,76.34408602150538,,,,,,,39.3,,,,,,,,,,,,37.096774193548384,9.13978494623656,4.838709677419355,17.0,60.29411764705882,63.97849462365591,78.49462365591397,8.60215053763441,76.34408602150538,57.5,,,,,,,,,,,,,,,,,3.0,True,5.0,True,,,,
Anel Ahmedhodzic,Sheffield United,1.6,31.5,24.5,75.6,1.0,0.0,4.0,,,0.4,55.0,4.6,134.0,0.6,0.0,0.02,0.0,3.2,2.0,0.11,1.2,,,2.0,1.2,34.0,0.2,26.3,0.9,26.0,,,,,6.19,0.0,0.0,1.1,,,1.2,56.3,,,2.0,0.0,7.0,0.2,0.6,9.0,2649,31,BIH,10.5,2.0,0.07,1.0,DF,24.0,Defender,9.0,7.0,1.2857142857142858,100.0,60.476190476190474,29.523809523809526,71.9047619047619,85.23809523809524,78.57142857142857,10.476190476190476,9.523809523809524,41.42857142857143,10.952380952380953,,,,,,,,,,,,44.2,60.476190476190474,29.523809523809526,71.9047619047619,85.23809523809524,78.57142857142857,65.1,10.476190476190476,9.523809523809524,41.42857142857143,10.952380952380953,18.1,,,,,,,,,,,,,,,,,,,,,,,5.0,True,4.0,True,,,,,,,,
Anthony Elanga,Nottingham Forest,0.3,35.0,17.9,75.3,14.0,9.0,10.0,,,1.0,40.0,0.6,16.0,4.0,9.0,0.15,0.3,6.6,6.8,0.24,0.3,,,5.0,0.3,8.0,0.9,42.6,0.1,2.0,,,,,6.89,1.0,0.4,1.6,,,0.7,57.6,9.0,4.0,5.0,0.0,32.0,1.2,2.0,1.0,2434,36,SWE,9.3,5.0,0.18,0.0,"FW,MF",21.0,Forward,10.0,7.0,1.4285714285714286,100.0,,,,,,,,,,,46.2962962962963,62.0253164556962,81.64556962025317,30.37974683544304,13.924050632911392,30.37974683544304,22.151898734177212,37.9746835443038,59.49367088607595,20.98765432098765,40.5,,,,,,,,,,,,,,,,,,,,,,13.924050632911392,30.37974683544304,22.151898734177212,37.9746835443038,59.49367088607595,20.98765432098765,30.8,62.0253164556962,81.64556962025317,46.2962962962963,30.37974683544304,55.1,,,,,,,,,6.0,True,4.0,True
Anthony Gordon,Newcastle United,0.9,56.9,23.4,81.8,16.0,10.0,9.0,,,1.7,48.6,0.1,4.0,5.6,10.0,0.17,0.3,10.2,9.1,0.32,1.2,,,11.0,0.2,7.0,1.0,38.3,,,,,6.0,2.1,7.51,3.0,0.9,1.4,,,1.1,61.8,10.0,5.6,11.0,1.0,57.0,1.8,2.5,10.0,2898,35,ENG,13.6,11.0,0.34,1.0,FW,22.0,Forward,10.0,7.0,1.4285714285714286,100.0,,,,,,,,,,,77.1604938271605,68.9873417721519,81.64556962025317,69.62025316455697,48.734177215189874,49.36708860759494,55.06329113924051,49.36708860759494,40.50632911392405,47.53086419753087,58.8,,,,,,,,,,,,,,,,,,,,,,48.734177215189874,49.36708860759494,55.06329113924051,49.36708860759494,40.50632911392405,47.53086419753087,48.4,68.9873417721519,81.64556962025317,77.1604938271605,69.62025316455697,74.4,,,,,,,,,6.0,True,4.0,True
Antoine Semenyo,Bournemouth,0.6,45.5,18.6,74.3,6.0,2.0,5.0,,,2.1,47.6,0.9,20.0,2.3,2.0,0.1,0.1,4.6,6.0,0.2,1.8,,,8.0,0.3,6.0,1.3,44.3,0.1,2.0,,,1.0,1.0,6.88,1.0,0.7,2.3,,,0.7,70.8,2.0,2.3,8.0,0.0,29.0,1.2,3.0,6.0,2111,33,GHA,11.4,8.0,0.34,0.0,FW,23.0,Forward,10.0,7.0,1.4285714285714286,100.0,,,,,,,,,,,46.2962962962963,39.24050632911392,32.91139240506329,87.34177215189874,48.734177215189874,18.354430379746837,71.51898734177216,79.11392405063292,69.62025316455697,37.03703703703704,53.0,,,,,,,,,,,,,,,,,,,,,,48.734177215189874,18.354430379746837,71.51898734177216,79.11392405063292,69.62025316455697,37.03703703703704,54.1,39.24050632911392,32.91139240506329,46.2962962962963,87.34177215189874,51.4,,,,,,,,,6.0,True,4.0,True
Antonee Robinson,Fulham,2.8,47.0,34.0,75.9,6.0,6.0,2.0,,,1.0,51.4,3.0,109.0,3.7,6.0,0.1,0.2,0.7,1.5,0.02,0.9,,,,2.2,80.0,0.2,43.8,0.2,8.0,,,,,7.17,0.0,0.3,2.0,,,1.6,62.4,6.0,3.7,,,33.0,0.9,0.4,6.0,3270,37,USA,0.0,0.0,0.0,0.0,DF,25.0,Defender,9.0,7.0,1.2857142857142858,100.0,87.61904761904762,63.8095238095238,100.0,60.476190476190474,10.476190476190476,37.142857142857146,12.857142857142856,75.71428571428571,70.47619047619048,,,,,,,,,,,,57.6,87.61904761904762,63.8095238095238,100.0,60.476190476190474,10.476190476190476,64.5,37.142857142857146,12.857142857142856,75.71428571428571,70.47619047619048,49.0,,,,,,,,,,,,,,,,,,,,,,,5.0,True,4.0,True,,,,,,,,
Antony,Manchester United,0.7,57.9,30.5,80.0,7.0,1.0,4.0,,,1.8,44.1,0.5,8.0,1.9,1.0,0.13,0.1,3.4,4.1,0.23,1.3,,,1.0,0.8,12.0,1.1,37.2,0.1,1.0,1.0,29.0,1.0,2.2,6.84,1.0,1.7,2.7,,,1.4,52.5,1.0,1.9,1.0,0.0,22.0,1.5,2.9,5.0,1323,29,BRA,2.3,1.0,0.07,0.0,FW,23.0,Forward,10.0,7.0,1.4285714285714286,100.0,,,,,,,,,,,65.4320987654321,52.53164556962025,32.91139240506329,75.9493670886076,1.89873417721519,28.48101265822785,67.72151898734177,61.39240506329114,35.44303797468354,1.2345679012345678,42.3,,,,,,,,,,,,,,,,,,,,,,1.89873417721519,28.48101265822785,67.72151898734177,61.39240506329114,35.44303797468354,1.2345679012345678,32.7,52.53164556962025,32.91139240506329,65.4320987654321,75.9493670886076,56.7,,,,,,,,,6.0,True,4.0,True
Arijanet Muric,Burnley,,,,,1.0,0.0,,,,,,,,0.1,0.0,,,,,,,,,,,,,,,,,,,,,,,,,,,,,,,,4.0,0.4,,,900,10,KVX,,,,,GK,24.0,Goalkeeper,,,,,,,,,,,,,,,,,,,,,,,,,,,,,,,,,,,,,,,,,,,,,,,,,,,,,,,,,,,,,,,,,,,,,,
Ashley Young,Everton,1.9,32.4,22.1,72.4,2.0,0.0,,,,0.5,50.0,1.8,45.0,1.4,0.0,0.06,0.0,0.6,0.3,0.02,1.3,,,,0.9,22.0,0.1,15.4,0.2,6.0,1.0,31.0,1.0,0.9,6.67,0.0,0.4,1.9,,,1.5,71.7,,,,,21.0,0.8,0.5,5.0,2288,31,ENG,0.0,0.0,0.0,1.0,"DF,MF",38.0,Defender,9.0,7.0,1.2857142857142858,100.0,83.33333333333334,96.19047619047619,35.23809523809524,12.380952380952381,10.476190476190476,5.238095238095238,3.3333333333333335,51.90476190476191,17.61904761904762,,,,,,,,,,,,35.1,83.33333333333334,96.19047619047619,35.23809523809524,12.380952380952381,10.476190476190476,47.5,5.238095238095238,3.3333333333333335,51.90476190476191,17.61904761904762,19.5,,,,,,,,,,,,,,,,,,,,,,,5.0,True,4.0,True,,,,,,,,
Auston Trusty,Sheffield United,1.3,38.0,23.4,79.0,3.0,0.0,1.0,,,0.2,54.5,5.1,145.0,0.8,0.0,0.03,0.0,0.6,0.3,0.02,0.8,,,,1.2,35.0,0.1,25.0,0.8,22.0,1.0,32.0,,,6.25,0.0,0.1,1.1,,,1.0,63.8,,,,,8.0,0.3,0.3,4.0,2572,32,USA,0.0,0.0,0.0,0.0,DF,24.0,Defender,9.0,7.0,1.2857142857142858,100.0,44.285714285714285,73.33333333333333,71.9047619047619,94.28571428571428,70.47619047619048,7.6190476190476195,30.476190476190478,26.666666666666668,36.19047619047619,,,,,,,,,,,,50.6,44.285714285714285,73.33333333333333,71.9047619047619,94.28571428571428,70.47619047619048,70.9,7.6190476190476195,30.476190476190478,26.666666666666668,36.19047619047619,25.2,,,,,,,,,,,,,,,,,,,,,,,5.0,True,4.0,True,,,,,,,,
Axel Disasi,Chelsea,1.6,35.4,69.5,90.6,,,2.0,,,0.4,70.6,3.4,97.0,1.0,0.0,0.03,0.0,3.6,2.3,0.12,0.6,,,2.0,0.6,18.0,0.1,25.0,0.7,19.0,,,,,6.84,1.0,0.1,2.1,,,0.7,57.6,,,2.0,0.0,3.0,0.1,0.6,6.0,2581,31,FRA,12.5,2.0,0.07,0.0,DF,25.0,Defender,9.0,7.0,1.2857142857142858,100.0,13.333333333333334,38.095238095238095,7.142857142857142,66.19047619047619,62.38095238095238,90.47619047619048,87.61904761904762,41.42857142857143,24.761904761904763,,,,,,,,,,,,47.9,13.333333333333334,38.095238095238095,7.142857142857142,66.19047619047619,62.38095238095238,37.4,90.47619047619048,87.61904761904762,41.42857142857143,24.761904761904763,61.1,,,,,,,,,,,,,,,,,,,,,,,5.0,True,4.0,True,,,,,,,,
Bart Verbruggen,Brighton and Hove Albion,,,30.3,85.6,,,,4.0,28.0,0.0,100.0,0.8,17.0,0.0,0.0,0.0,0.0,,,,0.0,1.3,28.0,,,,,,,,,,,,6.54,0.0,,,3.1,65.0,0.0,100.0,,,,,,,,3.0,1890,21,NED,,,,0.0,GK,20.0,Goalkeeper,,,,,,,,,,,,,,,,,,,,,,,,,,,,,,,,,,,,,,,,,,,,,,,,,,,,,,,,,,,,,,,,,,,,,,
Ben Brereton Diaz,Sheffield United,,,,,3.0,1.0,5.0,,,,,,,1.1,1.0,,,6.1,5.9,,,,,,,,,,,,,,1.0,1.5,,,,,,,,,1.0,1.1,6.0,1.0,8.0,0.6,,,1110,14,CHI,17.1,6.0,,0.0,"FW,MF",24.0,Forward,2.0,7.0,0.2857142857142857,20.0,,,,,,,,,,,3.7037037037037033,,,,,,,,,67.28395061728395,,,,,,,,,,,,,,,,,,,,,,,,,,,,67.28395061728395,,,,3.7037037037037033,,,,,,,,,,,1.0,False,1.0,False
Ben Davies,Tottenham Hotspur,,,,,,,3.0,,,,,,,0.6,0.0,,,2.3,1.5,,,,,,,,,,,,,,1.0,1.6,,,,,,,,,,,1.0,0.0,4.0,0.3,,,1085,17,WAL,8.3,1.0,,0.0,DF,30.0,Defender,0.0,7.0,0.0,0.0,,,,,,,,,,,,,,,,,,,,,,,,,,,,,,,,,,,,,,,,,,,,,,,,,,,,,,,0.0,False,0.0,False,,,,,,,,
Ben Godfrey,Everton,,,,,,,4.0,,,,,,,0.5,0.0,,,1.8,0.8,,,,,,,,,,,,1.0,15.0,,,,,,,,,,,,,,,3.0,0.2,,,1122,15,ENG,0.0,0.0,,0.0,DF,25.0,Defender,0.0,7.0,0.0,0.0,,,,,,,,,,,,,,,,,,,,,,,,,,,,,,,,,,,,,,,,,,,,,,,,,,,,,,,0.0,False,0.0,False,,,,,,,,
Ben Mee,Brentford,,,,,,,1.0,,,,,,,0.7,0.0,,,1.5,0.3,,,,,,,,,,,,,,,,,,,,,,,,,,2.0,0.0,6.0,0.4,,1.0,1276,16,ENG,20.0,2.0,,1.0,DF,33.0,Defender,0.0,7.0,0.0,0.0,,,,,,,,,,,,,,,,,,,,,,,,,,,,,,,,,,,,,,,,,,,,,,,,,,,,,,,0.0,False,0.0,False,,,,,,,,
Ben Osborn,Sheffield United,1.5,35.9,26.0,77.7,1.0,2.0,,,,0.5,50.0,1.7,26.0,0.9,2.0,0.06,0.1,0.2,,0.02,0.5,,,,0.5,8.0,,,0.1,2.0,,,,,6.43,0.0,0.6,1.7,,,0.6,40.9,2.0,0.9,,,13.0,0.9,0.3,3.0,1359,24,ENG,0.0,0.0,0.0,0.0,"DF,MF",28.0,Defender,9.0,7.0,1.2857142857142858,100.0,5.238095238095238,2.857142857142857,1.9047619047619049,9.523809523809524,2.857142857142857,17.142857142857142,25.71428571428571,35.23809523809524,26.666666666666668,,,,,,,,,,,,14.1,5.238095238095238,2.857142857142857,1.9047619047619049,9.523809523809524,2.857142857142857,4.5,17.142857142857142,25.71428571428571,35.23809523809524,26.666666666666668,26.2,,,,,,,,,,,,,,,,,,,,,,,5.0,True,4.0,True,,,,,,,,
Ben White,Arsenal,1.5,41.1,49.8,86.7,7.0,4.0,,,,0.3,42.9,2.0,67.0,3.7,4.0,0.11,0.1,1.2,1.9,0.03,0.6,,,4.0,1.0,32.0,0.2,61.5,0.7,22.0,,,,,7.28,2.0,0.5,1.5,,,0.8,58.3,4.0,3.7,4.0,0.0,39.0,1.2,0.4,8.0,2995,37,ENG,30.8,4.0,0.12,0.0,DF,25.0,Defender,9.0,7.0,1.2857142857142858,100.0,24.761904761904763,42.38095238095238,49.523809523809526,19.047619047619047,62.38095238095238,67.61904761904762,69.52380952380952,35.23809523809524,49.523809523809526,,,,,,,,,,,,46.7,24.761904761904763,42.38095238095238,49.523809523809526,19.047619047619047,62.38095238095238,39.6,67.61904761904762,69.52380952380952,35.23809523809524,49.523809523809526,55.5,,,,,,,,,,,,,,,,,,,,,,,5.0,True,4.0,True,,,,,,,,
Benoit Badiashile,Chelsea,,,,,2.0,1.0,1.0,,,,,,,0.9,1.0,,,0.3,0.2,,,,,,,,,,,,1.0,18.0,,,,,,,,,,,1.0,0.9,,,6.0,0.4,,,1337,18,FRA,0.0,0.0,,0.0,DF,22.0,Defender,0.0,7.0,0.0,0.0,,,,,,,,,,,,,,,,,,,,,,,,,,,,,,,,,,,,,,,,,,,,,,,,,,,,,,,0.0,False,0.0,False,,,,,,,,
Bernardo Silva,Manchester City,2.1,63.4,56.9,89.4,13.0,9.0,3.0,,,1.3,64.4,0.4,12.0,8.0,9.0,0.28,0.3,3.7,5.6,0.13,0.8,,,6.0,0.6,17.0,0.5,44.1,0.1,4.0,,,,,7.57,2.0,1.0,1.3,,,0.8,45.1,9.0,8.0,6.0,0.0,64.0,2.2,1.2,8.0,2581,33,POR,17.7,6.0,0.21,0.0,"MF,FW",28.0,Midfielder,10.0,7.0,1.4285714285714286,100.0,22.043010752688172,,25.806451612903224,,,84.94623655913979,85.48387096774194,66.12903225806451,,2.6881720430107525,86.76470588235294,95.6989247311828,92.47311827956989,82.25806451612904,,,,,,,64.4,,,,,,,,,,,,22.043010752688172,25.806451612903224,2.6881720430107525,16.8,86.76470588235294,95.6989247311828,92.47311827956989,84.94623655913979,82.25806451612904,88.4,,,,,,,,,,,,,,,,,3.0,True,5.0,True,,,,
Bernd Leno,Fulham,,,28.6,77.2,,,,10.0,61.0,,,0.8,32.0,0.0,0.0,0.0,0.0,,,,,1.6,61.0,,,,,,,,,,,,6.62,1.0,,,3.5,134.0,,,,,,,,,,,3420,38,GER,,,,0.0,GK,31.0,Goalkeeper,,,,,,,,,,,,,,,,,,,,,,,,,,,,,,,,,,,,,,,,,,,,,,,,,,,,,,,,,,,,,,,,,,,,,,
Beto,Everton,0.6,75.0,10.3,61.5,3.0,0.0,8.0,,,1.4,46.9,1.2,13.0,0.3,0.0,0.03,0.0,6.8,5.0,0.65,2.0,,,3.0,0.1,1.0,1.2,30.2,,,,,,,6.35,0.0,1.4,1.4,,,0.6,42.9,,,3.0,0.0,11.0,1.1,4.1,2.0,939,30,POR,7.0,3.0,0.29,0.0,FW,25.0,Forward,10.0,7.0,1.4285714285714286,100.0,,,,,,,,,,,37.03703703703704,1.89873417721519,7.59493670886076,54.43037974683544,43.67088607594937,93.67088607594937,96.83544303797468,70.88607594936708,12.025316455696203,8.641975308641975,42.7,,,,,,,,,,,,,,,,,,,,,,43.67088607594937,93.67088607594937,96.83544303797468,70.88607594936708,12.025316455696203,8.641975308641975,54.3,1.89873417721519,7.59493670886076,37.03703703703704,54.43037974683544,25.2,,,,,,,,,6.0,True,4.0,True
Billy Gilmour,Brighton and Hove Albion,2.7,62.1,80.6,92.2,3.0,1.0,,,,0.3,38.1,0.6,14.0,2.5,1.0,0.11,0.0,1.0,0.8,0.04,0.9,,,,0.5,11.0,0.2,20.0,0.4,9.0,,,,,6.75,0.0,0.7,3.2,,,0.7,61.5,1.0,2.5,,,22.0,0.9,1.1,8.0,2125,30,SCO,0.0,0.0,0.0,1.0,MF,22.0,Midfielder,10.0,7.0,1.4285714285714286,100.0,16.129032258064516,,17.20430107526882,,,96.7741935483871,97.31182795698925,82.25806451612904,,79.56989247311827,35.78431372549019,55.376344086021504,17.741935483870968,12.365591397849462,,,,,,,51.1,,,,,,,,,,,,16.129032258064516,17.20430107526882,79.56989247311827,37.6,35.78431372549019,55.376344086021504,17.741935483870968,96.7741935483871,12.365591397849462,43.6,,,,,,,,,,,,,,,,,3.0,True,5.0,True,,,,
Bobby Reid,Fulham,0.6,45.5,22.1,79.0,3.0,2.0,3.0,,,0.5,40.0,0.8,12.0,1.2,2.0,0.07,0.1,4.6,4.3,0.29,1.0,,,6.0,0.3,5.0,0.5,24.2,0.1,2.0,,,,,6.6,1.0,0.4,2.4,,,0.9,63.6,2.0,1.2,6.0,0.0,17.0,1.1,2.1,4.0,1424,33,JAM,18.2,6.0,0.38,0.0,FW,30.0,Forward,10.0,7.0,1.4285714285714286,100.0,,,,,,,,,,,37.03703703703704,24.68354430379747,32.91139240506329,8.227848101265822,53.79746835443038,38.607594936708864,29.746835443037973,5.063291139240507,3.79746835443038,79.01234567901234,31.3,,,,,,,,,,,,,,,,,,,,,,53.79746835443038,38.607594936708864,29.746835443037973,5.063291139240507,3.79746835443038,79.01234567901234,35.0,24.68354430379747,32.91139240506329,37.03703703703704,8.227848101265822,25.7,,,,,,,,,6.0,True,4.0,True
Boubacar Kamara,Aston Villa,2.2,60.3,49.6,89.3,1.0,1.0,,,,0.8,53.8,0.8,15.0,1.4,1.0,0.08,0.1,0.1,0.2,0.01,1.9,,,,1.1,21.0,0.1,20.0,0.4,7.0,,,,,7.06,1.0,0.2,2.4,,,1.6,67.4,1.0,1.4,,,20.0,1.1,0.3,7.0,1659,20,FRA,0.0,0.0,0.0,1.0,MF,23.0,Midfielder,10.0,7.0,1.4285714285714286,100.0,83.87096774193549,,64.51612903225806,,,70.96774193548387,83.87096774193549,70.43010752688173,,39.247311827956985,51.470588235294116,33.33333333333333,51.61290322580645,52.1505376344086,,,,,,,60.1,,,,,,,,,,,,83.87096774193549,64.51612903225806,39.247311827956985,62.5,51.470588235294116,33.33333333333333,51.61290322580645,70.96774193548387,52.1505376344086,51.9,,,,,,,,,,,,,,,,,3.0,True,5.0,True,,,,
Brennan Johnson,Tottenham Hotspur,0.3,28.0,20.7,76.6,12.0,10.0,17.0,,,1.0,39.1,0.3,9.0,4.5,10.0,0.17,0.4,10.7,7.4,0.41,0.7,,,5.0,0.4,10.0,0.8,39.6,0.1,2.0,,,,,7.08,0.0,0.8,1.3,,,0.6,53.3,10.0,4.5,5.0,0.0,46.0,1.8,2.0,3.0,2330,35,WAL,9.4,5.0,0.19,0.0,FW,22.0,Forward,10.0,7.0,1.4285714285714286,100.0,,,,,,,,,,,77.1604938271605,68.9873417721519,93.0379746835443,30.37974683544304,17.72151898734177,68.9873417721519,22.151898734177212,25.949367088607595,44.303797468354425,22.22222222222222,47.1,,,,,,,,,,,,,,,,,,,,,,17.72151898734177,68.9873417721519,22.151898734177212,25.949367088607595,44.303797468354425,22.22222222222222,33.6,68.9873417721519,93.0379746835443,77.1604938271605,30.37974683544304,67.4,,,,,,,,,6.0,True,4.0,True
Bruno Fernandes,Manchester United,4.4,57.4,43.8,79.4,21.0,8.0,7.0,,,0.5,47.5,1.4,47.0,10.2,8.0,0.3,0.2,10.0,13.0,0.29,1.2,,,10.0,0.8,27.0,1.2,43.2,0.2,6.0,,,,,7.83,7.0,1.0,2.4,,,1.1,55.9,8.0,10.2,10.0,4.0,114.0,3.3,2.7,9.0,3119,35,POR,10.5,10.0,0.29,0.0,"MF,FW",28.0,Midfielder,10.0,7.0,1.4285714285714286,100.0,47.8494623655914,,45.69892473118279,,,66.66666666666666,24.193548387096776,95.6989247311828,,39.247311827956985,99.01960784313727,96.7741935483871,78.49462365591397,27.956989247311824,,,,,,,62.2,,,,,,,,,,,,47.8494623655914,45.69892473118279,39.247311827956985,44.3,99.01960784313727,96.7741935483871,78.49462365591397,66.66666666666666,27.956989247311824,73.8,,,,,,,,,,,,,,,,,3.0,True,5.0,True,,,,
Bruno Guimaraes,Newcastle United,3.6,59.2,53.0,85.0,12.0,8.0,2.0,,,2.0,63.7,0.5,19.0,6.3,8.0,0.17,0.2,4.8,4.1,0.13,1.4,,,7.0,1.0,35.0,0.4,33.3,0.4,14.0,,,,,7.65,5.0,0.9,3.3,,,1.5,60.2,8.0,6.3,7.0,0.0,62.0,1.7,1.3,9.0,3268,37,BRA,14.6,7.0,0.19,0.0,MF,25.0,Midfielder,10.0,7.0,1.4285714285714286,100.0,77.41935483870968,,58.06451612903226,,,80.64516129032258,55.91397849462365,91.93548387096774,,82.79569892473118,78.43137254901961,77.41935483870968,78.49462365591397,94.6236559139785,,,,,,,77.6,,,,,,,,,,,,77.41935483870968,58.06451612903226,82.79569892473118,72.8,78.43137254901961,77.41935483870968,78.49462365591397,80.64516129032258,94.6236559139785,81.9,,,,,,,,,,,,,,,,,3.0,True,5.0,True,,,,
Bryan Mbeumo,Brentford,0.8,50.0,21.6,72.3,6.0,6.0,9.0,,,1.2,38.2,0.6,12.0,5.6,6.0,0.26,0.3,9.8,8.5,0.45,1.0,,,9.0,0.3,7.0,0.9,37.7,0.1,2.0,,,,,7.23,4.0,0.9,1.5,,,0.5,66.7,6.0,5.6,9.0,3.0,32.0,1.5,2.4,2.0,1959,25,CMR,17.0,9.0,0.41,0.0,FW,23.0,Forward,10.0,7.0,1.4285714285714286,100.0,,,,,,,,,,,65.4320987654321,93.0379746835443,81.64556962025317,44.303797468354425,60.75949367088608,75.9493670886076,50.63291139240506,37.9746835443038,37.9746835443038,65.4320987654321,61.3,,,,,,,,,,,,,,,,,,,,,,60.75949367088608,75.9493670886076,50.63291139240506,37.9746835443038,37.9746835443038,65.4320987654321,54.8,93.0379746835443,81.64556962025317,65.4320987654321,44.303797468354425,71.1,,,,,,,,,6.0,True,4.0,True
Bukayo Saka,Arsenal,0.8,42.9,33.4,83.0,15.0,9.0,11.0,,,1.5,47.6,0.6,19.0,11.0,9.0,0.34,0.3,15.5,15.4,0.48,1.3,,,16.0,0.5,15.0,1.1,34.3,0.1,2.0,,,1.0,2.1,7.97,6.0,1.1,2.1,,,1.1,53.0,9.0,11.0,16.0,6.0,91.0,2.8,3.3,4.0,2933,35,ENG,14.8,16.0,0.49,0.0,FW,21.0,Forward,10.0,7.0,1.4285714285714286,100.0,,,,,,,,,,,100.0,98.73417721518987,81.64556962025317,60.75949367088608,75.9493670886076,80.37974683544303,84.81012658227847,61.39240506329114,22.151898734177212,56.79012345679012,72.3,,,,,,,,,,,,,,,,,,,,,,75.9493670886076,80.37974683544303,84.81012658227847,61.39240506329114,22.151898734177212,56.79012345679012,63.6,98.73417721518987,81.64556962025317,100.0,60.75949367088608,85.3,,,,,,,,,6.0,True,4.0,True
Callum Hudson-Odoi,Nottingham Forest,1.5,68.9,26.8,85.3,4.0,1.0,2.0,,,2.1,61.4,0.5,11.0,2.5,1.0,0.12,0.0,2.7,5.6,0.13,0.7,,,8.0,0.3,7.0,1.0,52.6,0.0,1.0,,,1.0,1.5,7.04,3.0,0.7,1.6,,,0.4,44.4,1.0,2.5,8.0,0.0,36.0,1.7,1.8,0.0,1854,29,ENG,21.1,8.0,0.39,,"FW,MF",22.0,Forward,10.0,7.0,1.4285714285714286,100.0,,,,,,,,,,,72.22222222222221,48.734177215189874,7.59493670886076,87.34177215189874,55.69620253164557,2.5316455696202533,12.025316455696203,49.36708860759494,91.13924050632912,87.65432098765432,51.4,,,,,,,,,,,,,,,,,,,,,,55.69620253164557,2.5316455696202533,12.025316455696203,49.36708860759494,91.13924050632912,87.65432098765432,49.7,48.734177215189874,7.59493670886076,72.22222222222221,87.34177215189874,54.0,,,,,,,,,6.0,True,4.0,True
Callum Wilson,Newcastle United,0.2,40.0,9.4,65.2,2.0,1.0,6.0,,,1.3,48.3,0.4,4.0,0.6,1.0,0.05,0.1,8.9,9.2,0.81,1.5,,,9.0,0.2,2.0,1.9,60.0,,,,,,,,,0.5,1.0,,,0.3,60.0,1.0,0.6,9.0,2.0,8.0,0.7,3.2,3.0,985,20,ENG,25.7,9.0,0.82,0.0,FW,31.0,Forward,10.0,7.0,1.4285714285714286,100.0,,,,,,,,,,,8.024691358024691,9.49367088607595,32.91139240506329,50.0,97.46835443037975,98.10126582278481,79.11392405063292,96.20253164556962,97.46835443037975,91.35802469135803,66.0,,,,,,,,,,,,,,,,,,,,,,97.46835443037975,98.10126582278481,79.11392405063292,96.20253164556962,97.46835443037975,91.35802469135803,93.3,9.49367088607595,32.91139240506329,8.024691358024691,50.0,25.1,,,,,,,,,6.0,True,4.0,True
Calvin Bassey,Fulham,3.2,43.2,56.2,86.2,,,,,,0.4,84.6,3.1,80.0,0.2,0.0,0.01,0.0,0.3,0.1,0.01,0.6,,,1.0,1.1,28.0,0.1,40.0,0.4,11.0,1.0,29.0,,,6.79,0.0,0.1,2.7,,,1.1,59.2,,,1.0,0.0,1.0,0.0,0.2,4.0,2301,29,NGA,20.0,1.0,0.04,1.0,DF,23.0,Defender,9.0,7.0,1.2857142857142858,100.0,52.85714285714286,43.80952380952381,62.38095238095238,62.857142857142854,32.857142857142854,79.04761904761905,65.23809523809524,80.95238095238095,59.04761904761905,,,,,,,,,,,,59.9,52.85714285714286,43.80952380952381,62.38095238095238,62.857142857142854,32.857142857142854,51.0,79.04761904761905,65.23809523809524,80.95238095238095,59.04761904761905,71.1,,,,,,,,,,,,,,,,,,,,,,,5.0,True,4.0,True,,,,,,,,
Cameron Archer,Sheffield United,0.1,42.9,13.2,80.8,6.0,1.0,6.0,,,1.5,50.8,0.4,9.0,1.4,1.0,0.07,0.0,5.6,3.4,0.27,0.7,,,4.0,0.0,1.0,0.5,26.2,0.1,3.0,,,,,6.49,0.0,0.7,1.4,,,0.6,72.2,1.0,1.4,4.0,0.0,24.0,1.2,2.1,2.0,1839,30,ENG,9.5,4.0,0.2,0.0,"FW,MF",22.0,Forward,10.0,7.0,1.4285714285714286,100.0,,,,,,,,,,,46.2962962962963,24.68354430379747,7.59493670886076,60.75949367088608,20.88607594936709,33.54430379746836,29.746835443037973,5.063291139240507,6.962025316455696,24.074074074074073,26.0,,,,,,,,,,,,,,,,,,,,,,20.88607594936709,33.54430379746836,29.746835443037973,5.063291139240507,6.962025316455696,24.074074074074073,20.0,24.68354430379747,7.59493670886076,46.2962962962963,60.75949367088608,34.8,,,,,,,,,6.0,True,4.0,True
Caoimhin Kelleher,Liverpool,,,,,,,,2.0,11.0,,,,,0.0,0.0,,,,,,,,,,,,,,,,,,,,,,,,,,,,,,,,1.0,0.1,,,900,10,IRL,,,,,GK,24.0,Goalkeeper,,,,,,,,,,,,,,,,,,,,,,,,,,,,,,,,,,,,,,,,,,,,,,,,,,,,,,,,,,,,,,,,,,,,,,
Carlos Baleba,Brighton and Hove Albion,1.2,62.1,48.6,92.2,1.0,0.0,,,,0.7,64.7,1.8,27.0,0.3,0.0,0.02,0.0,0.8,1.5,0.06,2.7,,,,1.2,18.0,0.3,23.8,0.5,7.0,,,,,6.56,0.0,0.4,4.0,,,1.4,50.0,,,,,8.0,0.5,1.4,7.0,1321,27,CMR,0.0,0.0,0.0,0.0,MF,19.0,Midfielder,10.0,7.0,1.4285714285714286,100.0,70.43010752688173,,73.11827956989248,,,68.81720430107528,97.31182795698925,31.182795698924732,,95.6989247311828,8.333333333333332,2.6881720430107525,17.741935483870968,44.086021505376344,,,,,,,50.9,,,,,,,,,,,,70.43010752688173,73.11827956989248,95.6989247311828,79.7,8.333333333333332,2.6881720430107525,17.741935483870968,68.81720430107528,44.086021505376344,28.3,,,,,,,,,,,,,,,,,3.0,True,5.0,True,,,,
Carlton Morris,Luton Town,0.3,47.1,15.1,66.8,5.0,4.0,7.0,,,1.0,60.8,1.7,53.0,1.6,4.0,0.05,0.1,11.4,13.8,0.36,1.5,,,11.0,0.0,1.0,1.0,43.7,0.2,5.0,,,,,6.77,0.0,0.5,1.2,,,0.3,53.3,4.0,1.6,11.0,5.0,22.0,0.7,2.2,4.0,2867,38,ENG,15.5,11.0,0.35,0.0,"FW,MF",27.0,Forward,10.0,7.0,1.4285714285714286,100.0,,,,,,,,,,,8.024691358024691,9.49367088607595,32.91139240506329,30.37974683544304,50.63291139240506,57.59493670886076,38.607594936708864,49.36708860759494,64.55696202531645,59.25925925925925,40.1,,,,,,,,,,,,,,,,,,,,,,50.63291139240506,57.59493670886076,38.607594936708864,49.36708860759494,64.55696202531645,59.25925925925925,53.3,9.49367088607595,32.91139240506329,8.024691358024691,30.37974683544304,20.2,,,,,,,,,6.0,True,4.0,True
Casemiro,Manchester United,3.6,50.6,52.7,82.6,2.0,2.0,4.0,,,0.4,52.9,3.0,66.0,1.2,2.0,0.06,0.1,3.5,1.7,0.16,1.4,,,1.0,0.8,18.0,0.4,23.1,1.5,33.0,1.0,25.0,,,7.16,0.0,0.1,2.4,,,2.5,67.5,2.0,1.2,1.0,0.0,16.0,0.7,1.8,7.0,1985,25,BRA,2.6,1.0,0.05,0.0,"MF,DF",31.0,Midfielder,10.0,7.0,1.4285714285714286,100.0,97.84946236559139,,45.69892473118279,,,77.41935483870968,41.935483870967744,91.93548387096774,,39.247311827956985,24.019607843137255,20.43010752688172,51.61290322580645,19.35483870967742,,,,,,,51.0,,,,,,,,,,,,97.84946236559139,45.69892473118279,39.247311827956985,60.9,24.019607843137255,20.43010752688172,51.61290322580645,77.41935483870968,19.35483870967742,38.6,,,,,,,,,,,,,,,,,3.0,True,5.0,True,,,,
Charlie Taylor,Burnley,2.0,37.2,31.7,78.9,4.0,1.0,,,,0.3,60.0,2.6,67.0,1.7,1.0,0.06,0.0,0.2,0.1,0.01,0.8,,,1.0,0.7,19.0,0.0,10.0,0.4,11.0,,,,,6.62,0.0,0.2,1.5,,,0.8,57.1,1.0,1.7,1.0,0.0,15.0,0.6,0.4,8.0,2332,28,ENG,10.0,1.0,0.04,0.0,DF,29.0,Defender,9.0,7.0,1.2857142857142858,100.0,24.761904761904763,33.80952380952381,13.80952380952381,41.904761904761905,32.857142857142854,32.857142857142854,29.523809523809526,57.14285714285714,33.80952380952381,,,,,,,,,,,,33.4,24.761904761904763,33.80952380952381,13.80952380952381,41.904761904761905,32.857142857142854,29.4,32.857142857142854,29.523809523809526,57.14285714285714,33.80952380952381,38.3,,,,,,,,,,,,,,,,,,,,,,,5.0,True,4.0,True,,,,,,,,
Cheick Oumar Doucouré,Crystal Palace,,,,,1.0,0.0,,,,,,,,0.8,0.0,,,0.3,0.5,,,,,,,,,,,,,,,,,,,,,,,,,,,,10.0,1.0,,,921,11,MLI,,0.0,,0.0,MF,23.0,Midfielder,1.0,7.0,0.14285714285714285,10.0,,,,,,,,,,,44.11764705882353,,,,,,,,,,,,,,,,,,,,,,,,,,44.11764705882353,,,,,,,,,,,,,,,,,,,,,,0.0,False,1.0,False,,,,
Chiedozie Ogbene,Luton Town,0.5,37.0,23.2,81.6,5.0,1.0,1.0,,,2.8,58.1,1.4,31.0,3.5,1.0,0.16,0.0,4.2,4.0,0.19,0.4,,,4.0,0.3,7.0,0.6,40.0,0.1,3.0,,,2.0,2.3,7.1,1.0,0.6,2.5,,,0.5,58.8,1.0,3.5,4.0,0.0,26.0,1.2,1.6,1.0,1993,30,IRL,11.4,4.0,0.18,0.0,"MF,DF",26.0,Midfielder,10.0,7.0,1.4285714285714286,100.0,8.60215053763441,,4.301075268817205,,,15.053763440860216,38.70967741935484,9.13978494623656,,46.774193548387096,55.392156862745104,74.73118279569893,17.741935483870968,98.9247311827957,,,,,,,36.9,,,,,,,,,,,,8.60215053763441,4.301075268817205,46.774193548387096,19.9,55.392156862745104,74.73118279569893,17.741935483870968,15.053763440860216,98.9247311827957,52.4,,,,,,,,,,,,,,,,,3.0,True,5.0,True,,,,
Chris Richards,Crystal Palace,1.5,37.4,33.1,83.3,1.0,1.0,,,,0.0,100.0,4.6,106.0,0.2,1.0,0.01,0.0,0.9,0.5,0.04,0.5,,,1.0,1.2,27.0,0.1,27.3,0.5,12.0,1.0,26.0,,,6.84,0.0,0.0,1.6,,,1.2,60.9,1.0,0.2,1.0,0.0,6.0,0.3,0.5,3.0,2091,26,USA,9.1,1.0,0.04,0.0,"DF,MF",23.0,Defender,9.0,7.0,1.2857142857142858,100.0,60.476190476190474,53.333333333333336,71.9047619047619,85.23809523809524,45.23809523809524,36.19047619047619,51.90476190476191,35.23809523809524,35.23809523809524,,,,,,,,,,,,52.8,60.476190476190474,53.333333333333336,71.9047619047619,85.23809523809524,45.23809523809524,63.2,36.19047619047619,51.90476190476191,35.23809523809524,35.23809523809524,39.6,,,,,,,,,,,,,,,,,,,,,,,5.0,True,4.0,True,,,,,,,,
Chris Wood,Nottingham Forest,0.3,60.0,13.9,64.5,3.0,1.0,12.0,,,0.3,40.0,1.3,26.0,1.1,1.0,0.05,0.0,11.9,10.6,0.59,1.1,,,14.0,0.0,1.0,1.3,54.2,0.1,3.0,1.0,31.0,,,6.91,3.0,0.2,1.3,,,0.2,57.1,1.0,1.1,14.0,0.0,22.0,1.1,2.4,0.0,1806,31,NZL,29.2,14.0,0.7,,FW,31.0,Forward,10.0,7.0,1.4285714285714286,100.0,,,,,,,,,,,37.03703703703704,9.49367088607595,7.59493670886076,1.89873417721519,93.0379746835443,89.87341772151899,50.63291139240506,79.11392405063292,92.40506329113924,97.53086419753086,55.9,,,,,,,,,,,,,,,,,,,,,,93.0379746835443,89.87341772151899,50.63291139240506,79.11392405063292,92.40506329113924,97.53086419753086,83.8,9.49367088607595,7.59493670886076,37.03703703703704,1.89873417721519,14.0,,,,,,,,,6.0,True,4.0,True
Christian Eriksen,Manchester United,2.6,53.2,50.1,84.1,3.0,2.0,,,,0.2,50.0,0.9,12.0,2.3,2.0,0.19,0.2,1.0,1.2,0.08,0.6,,,1.0,0.3,4.0,0.3,30.8,0.5,6.0,,,,,6.65,0.0,0.9,4.0,,,1.0,72.2,2.0,2.3,1.0,0.0,27.0,2.1,1.0,1.0,1139,22,DEN,7.7,1.0,0.08,0.0,MF,31.0,Midfielder,10.0,7.0,1.4285714285714286,100.0,37.096774193548384,,4.301075268817205,,,72.04301075268818,51.61290322580645,79.03225806451613,,95.6989247311828,84.31372549019608,82.79569892473118,78.49462365591397,7.526881720430108,,,,,,,59.3,,,,,,,,,,,,37.096774193548384,4.301075268817205,95.6989247311828,45.7,84.31372549019608,82.79569892473118,78.49462365591397,72.04301075268818,7.526881720430108,65.0,,,,,,,,,,,,,,,,,3.0,True,5.0,True,,,,
Christian Nørgaard,Brentford,2.1,44.4,41.9,81.2,6.0,1.0,3.0,,,0.2,60.0,1.8,49.0,2.4,1.0,0.09,0.0,3.5,1.4,0.13,1.5,,,2.0,1.9,54.0,0.3,20.0,0.2,6.0,,,,,7.26,1.0,0.6,4.4,,,1.8,61.7,1.0,2.4,2.0,0.0,24.0,0.9,1.3,8.0,2513,31,DEN,5.7,2.0,0.07,0.0,MF,29.0,Midfielder,10.0,7.0,1.4285714285714286,100.0,88.17204301075269,,98.9247311827957,,,62.903225806451616,36.02150537634409,66.12903225806451,,98.9247311827957,35.78431372549019,41.935483870967744,17.741935483870968,7.526881720430108,,,,,,,55.4,,,,,,,,,,,,88.17204301075269,98.9247311827957,98.9247311827957,95.3,35.78431372549019,41.935483870967744,17.741935483870968,62.903225806451616,7.526881720430108,33.2,,,,,,,,,,,,,,,,,3.0,True,5.0,True,,,,
Clément Lenglet,Aston Villa,,,,,1.0,1.0,1.0,,,,,,,0.5,1.0,,,0.9,0.3,,,,,,,,,,,,,,,,,,,,,,,,1.0,0.5,,,2.0,0.2,,,1155,14,FRA,0.0,0.0,,0.0,DF,28.0,Defender,0.0,7.0,0.0,0.0,,,,,,,,,,,,,,,,,,,,,,,,,,,,,,,,,,,,,,,,,,,,,,,,,,,,,,,0.0,False,0.0,False,,,,,,,,
Cody Gakpo,Liverpool,0.5,83.3,23.2,79.3,5.0,5.0,6.0,,,1.7,64.6,0.4,7.0,2.7,5.0,0.15,0.3,9.0,7.0,0.49,1.5,,,8.0,0.8,14.0,1.3,36.4,0.2,4.0,,,,,7.03,2.0,1.2,2.1,,,0.9,63.0,5.0,2.7,8.0,0.0,25.0,1.4,3.6,1.0,1644,35,NED,12.1,8.0,0.44,0.0,"FW,MF",24.0,Forward,10.0,7.0,1.4285714285714286,100.0,,,,,,,,,,,61.111111111111114,62.0253164556962,81.64556962025317,69.62025316455697,68.9873417721519,82.91139240506328,89.87341772151899,79.11392405063292,29.746835443037973,41.9753086419753,66.7,,,,,,,,,,,,,,,,,,,,,,68.9873417721519,82.91139240506328,89.87341772151899,79.11392405063292,29.746835443037973,41.9753086419753,65.4,62.0253164556962,81.64556962025317,61.111111111111114,69.62025316455697,68.6,,,,,,,,,6.0,True,4.0,True
Cole Palmer,Chelsea,2.4,65.7,37.4,83.3,17.0,11.0,7.0,,,1.8,53.1,0.4,11.0,8.7,11.0,0.3,0.4,18.2,20.0,0.62,0.8,,,22.0,0.7,20.0,1.6,42.2,0.1,2.0,,,1.0,0.9,7.78,7.0,0.9,1.5,,,0.4,52.2,11.0,8.7,22.0,9.0,72.0,2.5,3.7,7.0,2624,34,ENG,20.2,22.0,0.75,0.0,"FW,MF",21.0,Forward,10.0,7.0,1.4285714285714286,100.0,,,,,,,,,,,97.53086419753086,96.20253164556962,93.0379746835443,75.9493670886076,94.9367088607595,92.40506329113924,91.77215189873418,93.0379746835443,54.43037974683544,86.41975308641975,87.6,,,,,,,,,,,,,,,,,,,,,,94.9367088607595,92.40506329113924,91.77215189873418,93.0379746835443,54.43037974683544,86.41975308641975,85.5,96.20253164556962,93.0379746835443,97.53086419753086,75.9493670886076,90.7,,,,,,,,,6.0,True,4.0,True
Conor Gallagher,Chelsea,1.6,66.7,50.7,91.5,11.0,7.0,5.0,,,1.1,67.9,0.9,30.0,3.5,7.0,0.1,0.2,4.2,4.1,0.12,2.4,,,5.0,1.2,43.0,0.5,37.5,0.3,11.0,,,,,7.5,3.0,1.1,2.8,,,1.5,61.2,7.0,3.5,5.0,0.0,53.0,1.5,1.4,7.0,3135,37,ENG,10.4,5.0,0.14,1.0,MF,23.0,Midfielder,10.0,7.0,1.4285714285714286,100.0,77.41935483870968,,73.11827956989248,,,74.19354838709677,94.08602150537635,51.61290322580645,,57.52688172043011,69.6078431372549,47.31182795698925,78.49462365591397,69.89247311827957,,,,,,,69.3,,,,,,,,,,,,77.41935483870968,73.11827956989248,57.52688172043011,69.4,69.6078431372549,47.31182795698925,78.49462365591397,74.19354838709677,69.89247311827957,67.9,,,,,,,,,,,,,,,,,3.0,True,5.0,True,,,,
Craig Dawson,Wolverhampton Wanderers,4.1,54.1,44.9,86.7,2.0,1.0,1.0,,,0.1,100.0,4.8,119.0,0.6,1.0,0.02,0.0,1.5,1.5,0.06,0.8,,,1.0,0.7,16.0,0.2,31.3,1.6,39.0,,,,,6.87,0.0,0.0,1.7,,,0.8,66.7,1.0,0.6,1.0,0.0,9.0,0.4,0.7,7.0,2211,25,ENG,6.3,1.0,0.04,0.0,DF,33.0,Defender,9.0,7.0,1.2857142857142858,100.0,24.761904761904763,85.71428571428571,13.80952380952381,89.04761904761904,100.0,60.952380952380956,69.52380952380952,92.38095238095238,82.85714285714286,,,,,,,,,,,,68.8,24.761904761904763,85.71428571428571,13.80952380952381,89.04761904761904,100.0,62.7,60.952380952380956,69.52380952380952,92.38095238095238,82.85714285714286,76.4,,,,,,,,,,,,,,,,,,,,,,,5.0,True,4.0,True,,,,,,,,
Cristian Romero,Tottenham Hotspur,1.9,55.6,76.6,91.9,1.0,0.0,6.0,,,0.2,83.3,3.2,100.0,1.5,0.0,0.05,0.0,3.5,3.3,0.11,1.0,,,5.0,1.4,44.0,0.3,41.7,0.7,22.0,2.0,33.0,,,7.32,2.0,0.3,2.5,,,1.3,60.6,,,5.0,0.0,7.0,0.2,0.8,7.0,2792,33,ARG,20.8,5.0,0.16,1.0,DF,25.0,Defender,9.0,7.0,1.2857142857142858,100.0,69.04761904761905,51.42857142857142,85.23809523809524,64.28571428571429,62.38095238095238,95.23809523809523,90.47619047619048,51.90476190476191,84.76190476190476,,,,,,,,,,,,72.8,69.04761904761905,51.42857142857142,85.23809523809524,64.28571428571429,62.38095238095238,66.5,95.23809523809523,90.47619047619048,51.90476190476191,84.76190476190476,80.6,,,,,,,,,,,,,,,,,,,,,,,5.0,True,4.0,True,,,,,,,,
Curtis Jones,Liverpool,0.9,50.0,52.9,91.5,,,1.0,,,1.2,60.0,0.5,7.0,1.1,1.0,0.08,0.1,2.6,1.6,0.2,1.2,,,1.0,0.5,7.0,0.5,31.6,,,,,,,6.6,0.0,0.8,3.0,,,1.1,51.9,1.0,1.1,1.0,0.0,11.0,0.8,1.5,3.0,1167,23,ENG,5.3,1.0,0.08,1.0,MF,22.0,Midfielder,10.0,7.0,1.4285714285714286,100.0,47.8494623655914,,17.20430107526882,,,79.03225806451613,94.08602150537635,18.27956989247312,,69.35483870967742,29.901960784313726,33.33333333333333,51.61290322580645,76.34408602150538,,,,,,,51.7,,,,,,,,,,,,47.8494623655914,17.20430107526882,69.35483870967742,44.8,29.901960784313726,33.33333333333333,51.61290322580645,79.03225806451613,76.34408602150538,54.0,,,,,,,,,,,,,,,,,3.0,True,5.0,True,,,,
Dango Ouattara,Bournemouth,1.3,37.0,22.4,67.6,1.0,2.0,2.0,,,1.5,51.2,2.4,33.0,1.4,2.0,0.1,0.1,2.6,1.1,0.2,1.1,,,1.0,1.6,22.0,0.5,23.3,0.2,3.0,,,,,6.79,1.0,0.6,2.4,,,2.0,60.0,2.0,1.4,1.0,0.0,17.0,1.3,2.2,3.0,1220,30,BFA,3.3,1.0,0.07,0.0,"FW,DF",21.0,Forward,10.0,7.0,1.4285714285714286,100.0,,,,,,,,,,,55.55555555555556,39.24050632911392,32.91139240506329,60.75949367088608,1.89873417721519,18.354430379746837,38.607594936708864,5.063291139240507,2.5316455696202533,2.4691358024691357,25.7,,,,,,,,,,,,,,,,,,,,,,1.89873417721519,18.354430379746837,38.607594936708864,5.063291139240507,2.5316455696202533,2.4691358024691357,11.5,39.24050632911392,32.91139240506329,55.55555555555556,60.75949367088608,47.1,,,,,,,,,6.0,True,4.0,True
Daniel Burn,Newcastle United,0.8,27.5,40.1,81.1,3.0,2.0,4.0,,,0.1,66.7,3.9,119.0,1.1,2.0,0.04,0.1,3.1,1.8,0.1,1.1,,,2.0,1.2,37.0,0.2,26.1,0.8,25.0,1.0,33.0,,,6.9,0.0,0.1,1.9,,,1.1,54.1,2.0,1.1,2.0,0.0,10.0,0.3,0.8,4.0,2732,33,ENG,8.7,2.0,0.07,0.0,DF,31.0,Defender,9.0,7.0,1.2857142857142858,100.0,52.85714285714286,22.857142857142858,71.9047619047619,73.33333333333333,70.47619047619048,52.38095238095239,41.904761904761905,5.714285714285714,5.714285714285714,,,,,,,,,,,,44.1,52.85714285714286,22.857142857142858,71.9047619047619,73.33333333333333,70.47619047619048,58.3,52.38095238095239,41.904761904761905,5.714285714285714,5.714285714285714,26.4,,,,,,,,,,,,,,,,,,,,,,,5.0,True,4.0,True,,,,,,,,
Daniel Munoz,Crystal Palace,,,,,5.0,4.0,2.0,,,,,,,1.3,4.0,,,1.2,,,,,,,,,,,,,,,,,,,,,,,,,4.0,1.3,,,21.0,1.3,,,1439,16,COL,0.0,0.0,,0.0,"DF,MF",27.0,Defender,0.0,7.0,0.0,0.0,,,,,,,,,,,,,,,,,,,,,,,,,,,,,,,,,,,,,,,,,,,,,,,,,,,,,,,0.0,False,0.0,False,,,,,,,,
Danilo,Nottingham Forest,2.3,50.0,29.3,80.6,2.0,2.0,1.0,,,0.9,65.4,2.1,41.0,0.7,2.0,0.04,0.1,1.8,2.0,0.09,0.7,,,2.0,1.8,35.0,0.4,30.4,0.4,8.0,1.0,29.0,,,6.82,0.0,0.4,2.5,,,0.9,50.0,2.0,0.7,2.0,0.0,20.0,1.0,1.2,4.0,1796,29,BRA,8.7,2.0,0.1,0.0,MF,22.0,Midfielder,10.0,7.0,1.4285714285714286,100.0,27.419354838709676,,97.31182795698925,,,31.182795698924732,31.182795698924732,74.19354838709677,,46.774193548387096,44.11764705882353,12.903225806451612,51.61290322580645,60.215053763440864,,,,,,,47.7,,,,,,,,,,,,27.419354838709676,97.31182795698925,46.774193548387096,57.2,44.11764705882353,12.903225806451612,51.61290322580645,31.182795698924732,60.215053763440864,40.0,,,,,,,,,,,,,,,,,3.0,True,5.0,True,,,,
Danny Welbeck,Brighton and Hove Albion,0.1,33.3,22.2,83.2,3.0,1.0,10.0,,,0.4,33.3,0.9,17.0,1.4,1.0,0.07,0.1,5.3,6.2,0.28,0.6,,,5.0,0.5,9.0,0.8,39.0,,,,,2.0,1.1,6.77,0.0,0.5,1.2,,,0.9,48.6,1.0,1.4,5.0,0.0,22.0,1.2,2.2,4.0,1703,29,ENG,12.2,5.0,0.26,0.0,"FW,MF",32.0,Forward,10.0,7.0,1.4285714285714286,100.0,,,,,,,,,,,46.2962962962963,24.68354430379747,32.91139240506329,5.063291139240507,34.810126582278485,35.44303797468354,38.607594936708864,25.949367088607595,43.037974683544306,43.20987654320987,33.0,,,,,,,,,,,,,,,,,,,,,,34.810126582278485,35.44303797468354,38.607594936708864,25.949367088607595,43.037974683544306,43.20987654320987,36.8,24.68354430379747,32.91139240506329,46.2962962962963,5.063291139240507,27.2,,,,,,,,,6.0,True,4.0,True
Dara O'Shea,Burnley,3.4,43.0,42.9,79.7,3.0,4.0,1.0,,,0.0,50.0,4.9,158.0,1.0,4.0,0.03,0.1,0.7,1.2,0.02,1.1,,,3.0,1.1,35.0,0.2,26.3,0.9,30.0,,,,,6.68,0.0,0.1,1.8,,,0.6,51.3,4.0,1.0,3.0,0.0,13.0,0.4,0.6,5.0,2894,33,IRL,15.8,3.0,0.09,1.0,DF,24.0,Defender,9.0,7.0,1.2857142857142858,100.0,5.238095238095238,12.857142857142856,62.38095238095238,90.95238095238095,78.57142857142857,57.14285714285714,36.666666666666664,85.23809523809524,57.14285714285714,,,,,,,,,,,,54.0,5.238095238095238,12.857142857142856,62.38095238095238,90.95238095238095,78.57142857142857,50.0,57.14285714285714,36.666666666666664,85.23809523809524,57.14285714285714,59.0,,,,,,,,,,,,,,,,,,,,,,,5.0,True,4.0,True,,,,,,,,
Darwin Nunez,Liverpool,0.5,44.0,14.6,71.6,11.0,8.0,27.0,,,0.7,42.9,0.4,9.0,4.5,8.0,0.2,0.4,16.4,15.5,0.72,1.2,,,11.0,0.1,3.0,2.0,42.6,0.3,6.0,,,1.0,0.7,7.16,1.0,0.7,1.4,,,0.5,54.5,8.0,4.5,11.0,0.0,33.0,1.5,4.8,9.0,2046,36,URU,10.2,11.0,0.48,0.0,FW,24.0,Forward,10.0,7.0,1.4285714285714286,100.0,,,,,,,,,,,65.4320987654321,79.11392405063292,93.0379746835443,18.354430379746837,74.0506329113924,94.9367088607595,100.0,98.10126582278481,59.49367088607595,30.246913580246915,71.3,,,,,,,,,,,,,,,,,,,,,,74.0506329113924,94.9367088607595,100.0,98.10126582278481,59.49367088607595,30.246913580246915,76.1,79.11392405063292,93.0379746835443,65.4320987654321,18.354430379746837,64.0,,,,,,,,,6.0,True,4.0,True
David Raya,Arsenal,,,20.0,70.8,,,,16.0,24.0,,,0.4,13.0,0.1,0.0,0.0,0.0,,,,,0.8,24.0,,,,,,,,,,,,6.88,0.0,,,1.4,46.0,0.0,100.0,,,,,,,,,2880,32,ESP,,,,0.0,GK,27.0,Goalkeeper,,,,,,,,,,,,,,,,,,,,,,,,,,,,,,,,,,,,,,,,,,,,,,,,,,,,,,,,,,,,,,,,,,,,,,
Dean Henderson,Crystal Palace,,,,,,,,4.0,30.0,,,,,0.0,0.0,,,,,,,,,,,,,,,,,,,,,,,,,,,,,,,,,,,,1620,18,ENG,,,,0.0,GK,26.0,Goalkeeper,,,,,,,,,,,,,,,,,,,,,,,,,,,,,,,,,,,,,,,,,,,,,,,,,,,,,,,,,,,,,,,,,,,,,,
Declan Rice,Arsenal,2.2,55.3,56.3,90.7,9.0,8.0,2.0,,,0.6,51.2,1.4,51.0,4.8,8.0,0.13,0.2,3.3,4.5,0.09,0.9,,,7.0,1.2,44.0,0.6,34.5,0.3,11.0,2.0,38.0,,,7.66,3.0,0.8,2.3,,,1.4,61.4,8.0,4.8,7.0,0.0,47.0,1.3,1.6,5.0,3230,38,ENG,12.1,7.0,0.2,0.0,MF,24.0,Midfielder,10.0,7.0,1.4285714285714286,100.0,70.43010752688173,,73.11827956989248,,,83.87096774193549,91.39784946236558,70.43010752688173,,30.64516129032258,60.29411764705882,63.97849462365591,78.49462365591397,36.02150537634409,,,,,,,65.9,,,,,,,,,,,,70.43010752688173,73.11827956989248,30.64516129032258,58.1,60.29411764705882,63.97849462365591,78.49462365591397,83.87096774193549,36.02150537634409,64.5,,,,,,,,,,,,,,,,,3.0,True,5.0,True,,,,
Dejan Kulusevski,Tottenham Hotspur,0.5,61.5,30.2,81.9,14.0,3.0,4.0,,,1.8,45.0,0.0,1.0,6.7,3.0,0.22,0.1,4.7,6.6,0.15,1.8,,,8.0,0.6,18.0,0.8,42.1,0.0,1.0,1.0,36.0,,,7.12,4.0,1.0,1.8,,,1.1,53.2,3.0,6.7,8.0,0.0,66.0,2.1,1.9,7.0,2763,36,SWE,14.0,8.0,0.26,0.0,"FW,MF",23.0,Forward,10.0,7.0,1.4285714285714286,100.0,,,,,,,,,,,87.03703703703704,86.07594936708861,32.91139240506329,75.9493670886076,34.810126582278485,6.329113924050633,15.822784810126583,25.949367088607595,53.16455696202531,50.617283950617285,46.9,,,,,,,,,,,,,,,,,,,,,,34.810126582278485,6.329113924050633,15.822784810126583,25.949367088607595,53.16455696202531,50.617283950617285,31.1,86.07594936708861,32.91139240506329,87.03703703703704,75.9493670886076,70.5,,,,,,,,,6.0,True,4.0,True
Destiny Udogie,Tottenham Hotspur,0.3,35.0,39.9,87.5,3.0,3.0,3.0,,,0.9,48.0,2.5,67.0,2.0,3.0,0.08,0.1,2.5,2.8,0.09,1.9,,,2.0,1.4,37.0,0.2,55.6,0.3,8.0,,,,,7.09,0.0,0.8,2.4,,,1.2,48.5,3.0,2.0,2.0,0.0,24.0,0.9,0.3,5.0,2398,28,ITA,22.2,2.0,0.08,1.0,DF,20.0,Defender,9.0,7.0,1.2857142857142858,100.0,60.476190476190474,8.095238095238095,85.23809523809524,37.61904761904762,20.952380952380953,51.42857142857142,73.33333333333333,0.9523809523809524,23.809523809523807,,,,,,,,,,,,40.2,60.476190476190474,8.095238095238095,85.23809523809524,37.61904761904762,20.952380952380953,42.5,51.42857142857142,73.33333333333333,0.9523809523809524,23.809523809523807,37.4,,,,,,,,,,,,,,,,,,,,,,,5.0,True,4.0,True,,,,,,,,
Diego Carlos,Aston Villa,3.3,41.8,58.8,88.4,,,2.0,,,0.1,50.0,3.9,78.0,0.4,0.0,0.02,0.0,2.3,0.7,0.12,1.3,,,,0.6,13.0,0.0,10.0,0.9,19.0,,,,,6.45,0.0,0.0,1.5,,,0.8,59.3,,,,,3.0,0.1,0.5,4.0,1811,27,BRA,0.0,0.0,0.0,0.0,DF,30.0,Defender,9.0,7.0,1.2857142857142858,100.0,24.761904761904763,45.23809523809524,7.142857142857142,73.33333333333333,78.57142857142857,83.80952380952381,80.0,83.33333333333334,50.476190476190474,,,,,,,,,,,,58.5,24.761904761904763,45.23809523809524,7.142857142857142,73.33333333333333,78.57142857142857,45.8,83.80952380952381,80.0,83.33333333333334,50.476190476190474,74.4,,,,,,,,,,,,,,,,,,,,,,,5.0,True,4.0,True,,,,,,,,
Diogo Dalot,Manchester United,2.2,51.3,35.5,83.8,5.0,3.0,,,,0.9,63.3,2.7,96.0,2.4,3.0,0.07,0.1,1.7,1.6,0.05,1.3,,,2.0,1.0,37.0,0.2,23.3,0.5,16.0,1.0,36.0,,,7.2,2.0,0.3,2.2,,,1.4,63.0,3.0,2.4,2.0,0.0,38.0,1.1,0.9,4.0,3173,36,POR,6.7,2.0,0.06,1.0,DF,24.0,Defender,9.0,7.0,1.2857142857142858,100.0,77.61904761904762,68.0952380952381,49.523809523809526,46.666666666666664,45.23809523809524,42.857142857142854,55.23809523809524,62.857142857142854,78.0952380952381,,,,,,,,,,,,58.5,77.61904761904762,68.0952380952381,49.523809523809526,46.666666666666664,45.23809523809524,57.4,42.857142857142854,55.23809523809524,62.857142857142854,78.0952380952381,59.8,,,,,,,,,,,,,,,,,,,,,,,5.0,True,4.0,True,,,,,,,,
Diogo Jota,Liverpool,0.7,69.2,22.4,74.5,4.0,3.0,3.0,,,1.2,41.7,0.3,4.0,1.7,3.0,0.14,0.2,5.3,7.4,0.42,2.1,,,10.0,0.5,7.0,1.6,48.8,0.1,1.0,,,2.0,1.6,7.25,2.0,0.5,2.1,,,1.0,56.5,3.0,1.7,10.0,0.0,22.0,1.7,3.2,1.0,1150,21,POR,24.4,10.0,0.78,1.0,FW,26.0,Forward,10.0,7.0,1.4285714285714286,100.0,,,,,,,,,,,72.22222222222221,56.9620253164557,62.65822784810127,44.303797468354425,96.20253164556962,70.88607594936708,79.11392405063292,93.0379746835443,79.11392405063292,90.12345679012346,74.5,,,,,,,,,,,,,,,,,,,,,,96.20253164556962,70.88607594936708,79.11392405063292,93.0379746835443,79.11392405063292,90.12345679012346,84.7,56.9620253164557,62.65822784810127,72.22222222222221,44.303797468354425,59.0,,,,,,,,,6.0,True,4.0,True
Djordje Petrovic,Chelsea,,,24.5,76.4,,,,5.0,38.0,,,0.9,20.0,0.0,0.0,0.0,0.0,,,,,1.7,38.0,,,,,,,,,,,,6.73,0.0,,,3.4,75.0,,,,,,,,,,,1986,23,SRB,,,,0.0,GK,23.0,Goalkeeper,,,,,,,,,,,,,,,,,,,,,,,,,,,,,,,,,,,,,,,,,,,,,,,,,,,,,,,,,,,,,,,,,,,,,,
Dominic Calvert-Lewin,Everton,0.2,50.0,10.2,56.9,4.0,2.0,16.0,,,0.6,35.0,1.6,38.0,1.6,2.0,0.07,0.1,12.9,9.9,0.53,1.3,,,7.0,0.2,4.0,1.3,42.5,0.2,4.0,,,,,6.8,2.0,0.7,0.9,,,0.2,46.2,2.0,1.6,7.0,2.0,19.0,0.8,3.0,2.0,2185,32,ENG,9.6,7.0,0.29,0.0,FW,26.0,Forward,10.0,7.0,1.4285714285714286,100.0,,,,,,,,,,,14.19753086419753,24.68354430379747,32.91139240506329,12.025316455696203,43.67088607594937,86.07594936708861,71.51898734177216,79.11392405063292,56.9620253164557,25.925925925925924,44.7,,,,,,,,,,,,,,,,,,,,,,43.67088607594937,86.07594936708861,71.51898734177216,79.11392405063292,56.9620253164557,25.925925925925924,60.5,24.68354430379747,32.91139240506329,14.19753086419753,12.025316455696203,21.0,,,,,,,,,6.0,True,4.0,True
Dominic Solanke,Bournemouth,0.2,66.7,10.6,73.7,3.0,3.0,14.0,,,1.1,39.4,1.2,43.0,2.0,3.0,0.05,0.1,19.6,16.1,0.53,1.1,,,19.0,0.2,7.0,1.0,34.9,0.1,5.0,,,1.0,1.2,7.05,3.0,0.8,1.2,,,0.3,47.8,3.0,2.0,19.0,2.0,39.0,1.1,2.9,3.0,3331,38,ENG,17.4,19.0,0.51,0.0,FW,25.0,Forward,10.0,7.0,1.4285714285714286,100.0,,,,,,,,,,,37.03703703703704,9.49367088607595,32.91139240506329,37.9746835443038,78.48101265822784,86.07594936708861,67.72151898734177,49.36708860759494,27.848101265822784,69.1358024691358,49.6,,,,,,,,,,,,,,,,,,,,,,78.48101265822784,86.07594936708861,67.72151898734177,49.36708860759494,27.848101265822784,69.1358024691358,63.1,9.49367088607595,32.91139240506329,37.03703703703704,37.9746835443038,29.4,,,,,,,,,6.0,True,4.0,True
Dominik Szoboszlai,Liverpool,2.3,68.4,52.1,87.3,7.0,2.0,2.0,,,1.0,47.1,0.6,13.0,5.1,2.0,0.22,0.1,3.7,3.1,0.16,1.2,,,3.0,0.6,15.0,0.6,25.0,0.1,2.0,,,2.0,1.2,7.28,2.0,1.0,3.9,,,0.8,59.4,2.0,5.1,3.0,0.0,56.0,2.4,2.6,1.0,2109,33,HUN,5.0,3.0,0.13,0.0,MF,22.0,Midfielder,10.0,7.0,1.4285714285714286,100.0,22.043010752688172,,25.806451612903224,,,76.34408602150538,70.96774193548387,74.19354838709677,,93.54838709677419,90.68627450980392,89.24731182795699,51.61290322580645,65.59139784946237,,,,,,,66.0,,,,,,,,,,,,22.043010752688172,25.806451612903224,93.54838709677419,47.1,90.68627450980392,89.24731182795699,51.61290322580645,76.34408602150538,65.59139784946237,74.7,,,,,,,,,,,,,,,,,3.0,True,5.0,True,,,,
Douglas Luiz,Aston Villa,3.0,66.0,52.9,89.4,10.0,5.0,3.0,,,0.7,60.0,0.5,17.0,5.3,5.0,0.16,0.1,7.0,9.4,0.21,1.5,,,9.0,0.7,23.0,0.5,35.4,0.2,8.0,,,,,7.28,5.0,0.7,2.3,,,1.1,65.5,5.0,5.3,9.0,4.0,53.0,1.6,1.4,12.0,3001,35,BRA,18.8,9.0,0.27,0.0,MF,25.0,Midfielder,10.0,7.0,1.4285714285714286,100.0,47.8494623655914,,35.483870967741936,,,79.03225806451613,85.48387096774194,87.63440860215054,,30.64516129032258,74.50980392156863,74.73118279569893,51.61290322580645,44.086021505376344,,,,,,,61.1,,,,,,,,,,,,47.8494623655914,35.483870967741936,30.64516129032258,38.0,74.50980392156863,74.73118279569893,51.61290322580645,79.03225806451613,44.086021505376344,64.8,,,,,,,,,,,,,,,,,3.0,True,5.0,True,,,,
Dwight McNeil,Everton,1.4,46.5,24.4,78.3,17.0,6.0,3.0,,,0.9,49.2,0.8,27.0,8.2,6.0,0.25,0.2,3.4,2.9,0.11,0.6,,,3.0,0.7,22.0,0.5,26.3,0.2,7.0,,,,,7.16,1.0,1.0,2.4,,,0.8,61.4,6.0,8.2,3.0,0.0,69.0,2.1,1.8,2.0,2897,35,ENG,5.3,3.0,0.09,0.0,"MF,FW",23.0,Midfielder,10.0,7.0,1.4285714285714286,100.0,22.043010752688172,,35.483870967741936,,,17.20430107526882,17.741935483870968,43.54838709677419,,39.247311827956985,84.31372549019608,91.93548387096774,78.49462365591397,60.215053763440864,,,,,,,49.0,,,,,,,,,,,,22.043010752688172,35.483870967741936,39.247311827956985,32.3,84.31372549019608,91.93548387096774,78.49462365591397,17.20430107526882,60.215053763440864,66.4,,,,,,,,,,,,,,,,,3.0,True,5.0,True,,,,
Eberechi Eze,Crystal Palace,1.2,69.2,28.9,83.7,7.0,4.0,5.0,,,3.0,51.9,0.2,4.0,5.6,4.0,0.24,0.2,9.2,10.6,0.4,1.2,,,11.0,0.5,11.0,1.5,41.0,0.1,2.0,1.0,27.0,1.0,2.1,7.6,2.0,1.4,2.3,,,0.7,48.6,4.0,5.6,11.0,1.0,54.0,2.4,3.6,3.0,2065,27,ENG,13.3,11.0,0.48,0.0,"MF,FW",25.0,Midfielder,10.0,7.0,1.4285714285714286,100.0,16.129032258064516,,17.20430107526882,,,30.107526881720432,49.46236559139785,31.182795698924732,,30.64516129032258,90.68627450980392,90.32258064516128,78.49462365591397,100.0,,,,,,,53.4,,,,,,,,,,,,16.129032258064516,17.20430107526882,30.64516129032258,21.3,90.68627450980392,90.32258064516128,78.49462365591397,30.107526881720432,100.0,77.9,,,,,,,,,,,,,,,,,3.0,True,5.0,True,,,,
Ederson Moraes,Manchester City,,,30.4,85.9,,,,10.0,27.0,0.0,100.0,0.5,16.0,0.1,0.0,0.0,0.0,,,,0.1,0.9,27.0,,,,,,,,1.0,33.0,,,6.93,0.0,,,1.8,57.0,,,,,,,1.0,0.0,,5.0,2788,33,BRA,,,,0.0,GK,29.0,Goalkeeper,,,,,,,,,,,,,,,,,,,,,,,,,,,,,,,,,,,,,,,,,,,,,,,,,,,,,,,,,,,,,,,,,,,,,,
Edson Álvarez,West Ham United,2.3,54.1,38.9,86.1,,,,,,1.0,65.9,2.6,70.0,0.8,1.0,0.03,0.0,1.3,1.1,0.05,1.2,,,1.0,1.6,42.0,0.1,17.6,0.8,20.0,1.0,31.0,,,6.83,0.0,0.2,2.9,,,1.5,48.8,1.0,0.8,1.0,0.0,12.0,0.5,0.6,11.0,2383,31,MEX,5.9,1.0,0.04,0.0,MF,25.0,Midfielder,10.0,7.0,1.4285714285714286,100.0,77.41935483870968,,94.6236559139785,,,58.06451612903226,63.44086021505376,74.19354838709677,,61.82795698924731,8.333333333333332,6.989247311827956,17.741935483870968,65.59139784946237,,,,,,,52.8,,,,,,,,,,,,77.41935483870968,94.6236559139785,61.82795698924731,78.0,8.333333333333332,6.989247311827956,17.741935483870968,58.06451612903226,65.59139784946237,31.3,,,,,,,,,,,,,,,,,3.0,True,5.0,True,,,,
Edward Nketiah,Arsenal,,,14.0,79.9,2.0,2.0,4.0,,,0.7,34.8,0.3,4.0,0.7,2.0,0.06,0.2,4.5,3.3,0.38,2.0,,,5.0,0.3,4.0,1.0,31.6,,,,,2.0,2.3,6.67,1.0,0.6,0.9,,,0.6,58.3,2.0,0.7,5.0,0.0,9.0,0.8,3.2,3.0,1073,27,ENG,13.2,5.0,0.42,0.0,FW,24.0,Forward,10.0,7.0,1.4285714285714286,100.0,,,,,,,,,,,14.19753086419753,17.72151898734177,62.65822784810127,18.354430379746837,63.92405063291139,61.39240506329114,79.11392405063292,49.36708860759494,13.924050632911392,45.67901234567901,42.6,,,,,,,,,,,,,,,,,,,,,,63.92405063291139,61.39240506329114,79.11392405063292,49.36708860759494,13.924050632911392,45.67901234567901,52.2,17.72151898734177,62.65822784810127,14.19753086419753,18.354430379746837,28.2,,,,,,,,,6.0,True,4.0,True
Elijah Adebayo,Luton Town,0.1,25.0,9.1,72.6,,,4.0,,,1.1,28.1,1.6,25.0,0.4,0.0,0.03,0.0,6.7,8.6,0.43,1.7,,,10.0,0.4,6.0,0.9,45.2,0.1,2.0,,,,,6.59,1.0,0.6,1.2,,,0.1,25.0,,,10.0,0.0,14.0,0.9,2.0,1.0,1418,27,ENG,32.3,10.0,0.63,0.0,FW,25.0,Forward,10.0,7.0,1.4285714285714286,100.0,,,,,,,,,,,19.753086419753085,1.89873417721519,7.59493670886076,37.9746835443038,86.70886075949366,73.41772151898735,22.151898734177212,37.9746835443038,72.15189873417721,98.76543209876543,45.8,,,,,,,,,,,,,,,,,,,,,,86.70886075949366,73.41772151898735,22.151898734177212,37.9746835443038,72.15189873417721,98.76543209876543,65.2,1.89873417721519,7.59493670886076,19.753086419753085,37.9746835443038,16.8,,,,,,,,,6.0,True,4.0,True
Elliot Anderson,Newcastle United,0.4,19.0,30.4,82.9,2.0,2.0,1.0,,,1.8,53.8,1.8,20.0,1.2,2.0,0.11,0.2,1.5,0.8,0.14,1.8,,,,0.7,8.0,0.4,26.3,0.4,4.0,,,,,,,0.7,2.9,,,1.6,75.0,2.0,1.2,,,15.0,1.3,1.7,3.0,1022,21,SCO,0.0,0.0,0.0,0.0,"MF,FW",20.0,Midfielder,10.0,7.0,1.4285714285714286,100.0,83.87096774193549,,35.483870967741936,,,34.40860215053764,45.16129032258064,5.376344086021505,,61.82795698924731,60.29411764705882,55.376344086021504,78.49462365591397,93.01075268817203,,,,,,,55.3,,,,,,,,,,,,83.87096774193549,35.483870967741936,61.82795698924731,60.4,60.29411764705882,55.376344086021504,78.49462365591397,34.40860215053764,93.01075268817203,64.3,,,,,,,,,,,,,,,,,3.0,True,5.0,True,,,,
Emerson,West Ham United,1.2,37.2,34.1,82.9,2.0,2.0,2.0,,,0.7,42.9,2.5,88.0,2.1,2.0,0.06,0.1,1.5,1.2,0.04,0.9,,,1.0,1.2,43.0,0.1,21.1,0.4,15.0,1.0,36.0,2.0,0.9,6.94,0.0,0.4,1.4,,,1.9,64.2,2.0,2.1,1.0,0.0,25.0,0.7,0.5,10.0,3142,36,ITA,5.3,1.0,0.03,0.0,DF,28.0,Defender,9.0,7.0,1.2857142857142858,100.0,96.19047619047619,75.23809523809524,71.9047619047619,37.61904761904762,32.857142857142854,38.095238095238095,49.047619047619044,22.380952380952383,33.80952380952381,,,,,,,,,,,,50.8,96.19047619047619,75.23809523809524,71.9047619047619,37.61904761904762,32.857142857142854,62.8,38.095238095238095,49.047619047619044,22.380952380952383,33.80952380952381,35.8,,,,,,,,,,,,,,,,,,,,,,,5.0,True,4.0,True,,,,,,,,
Emerson Royal,Tottenham Hotspur,1.5,52.8,67.4,91.2,1.0,0.0,,,,0.8,62.5,3.5,45.0,0.9,0.0,0.07,0.0,0.2,0.5,0.02,1.1,,,1.0,1.6,20.0,0.2,50.0,0.8,10.0,,,,,,,0.5,2.1,,,1.9,66.7,,,1.0,0.0,3.0,0.2,0.5,4.0,1155,22,BRA,16.7,1.0,0.08,0.0,DF,24.0,Defender,9.0,7.0,1.2857142857142858,100.0,96.19047619047619,85.71428571428571,95.71428571428572,67.61904761904762,70.47619047619048,88.57142857142857,88.57142857142857,35.23809523809524,80.0,,,,,,,,,,,,78.7,96.19047619047619,85.71428571428571,95.71428571428572,67.61904761904762,70.47619047619048,83.1,88.57142857142857,88.57142857142857,35.23809523809524,80.0,73.1,,,,,,,,,,,,,,,,,,,,,,,5.0,True,4.0,True,,,,,,,,
Emil Krafth,Newcastle United,,,,,2.0,0.0,,,,,,,,0.8,0.0,,,0.2,,,,,,,,,,,,,,,,,,,,,,,,,,,,,9.0,0.9,,,910,17,SWE,,0.0,,0.0,DF,28.0,Defender,0.0,7.0,0.0,0.0,,,,,,,,,,,,,,,,,,,,,,,,,,,,,,,,,,,,,,,,,,,,,,,,,,,,,,,0.0,False,0.0,False,,,,,,,,
Emiliano Martinez,Aston Villa,,,30.9,81.4,,,,8.0,48.0,,,0.5,16.0,0.0,0.0,0.0,0.0,,,,0.0,1.4,48.0,,,,,,,,,,,,6.9,2.0,,,2.8,95.0,,,,,,,2.0,0.1,,4.0,3015,34,ARG,,,,0.0,GK,30.0,Goalkeeper,,,,,,,,,,,,,,,,,,,,,,,,,,,,,,,,,,,,,,,,,,,,,,,,,,,,,,,,,,,,,,,,,,,,,,
Enzo Fernández,Chelsea,5.2,68.6,63.4,86.9,5.0,2.0,6.0,,,0.9,57.5,1.1,26.0,3.7,2.0,0.15,0.1,6.2,6.0,0.25,1.3,,,3.0,0.7,17.0,0.7,34.0,0.5,13.0,1.0,28.0,1.0,1.3,6.99,1.0,0.6,2.3,,,0.9,44.0,2.0,3.7,3.0,1.0,32.0,1.3,1.9,7.0,2214,28,ARG,6.4,3.0,0.12,0.0,MF,22.0,Midfielder,10.0,7.0,1.4285714285714286,100.0,27.419354838709676,,35.483870967741936,,,91.39784946236558,69.89247311827957,97.31182795698925,,30.64516129032258,60.29411764705882,70.96774193548387,51.61290322580645,60.215053763440864,,,,,,,59.5,,,,,,,,,,,,27.419354838709676,35.483870967741936,30.64516129032258,31.2,60.29411764705882,70.96774193548387,51.61290322580645,91.39784946236558,60.215053763440864,66.9,,,,,,,,,,,,,,,,,3.0,True,5.0,True,,,,
Erling Haaland,Manchester City,0.1,60.0,10.4,77.4,6.0,5.0,34.0,,,0.4,42.9,0.6,16.0,2.2,5.0,0.08,0.2,29.3,27.1,1.03,0.6,,,27.0,0.1,2.0,2.1,48.8,0.0,1.0,,,2.0,1.1,7.64,6.0,0.8,0.6,,,0.1,50.0,5.0,2.2,27.0,7.0,29.0,1.0,4.3,1.0,2556,31,NOR,22.3,27.0,0.95,0.0,FW,23.0,Forward,10.0,7.0,1.4285714285714286,100.0,,,,,,,,,,,27.77777777777778,30.37974683544304,62.65822784810127,5.063291139240507,100.0,100.0,98.73417721518987,100.0,79.11392405063292,88.88888888888889,69.3,,,,,,,,,,,,,,,,,,,,,,100.0,100.0,98.73417721518987,100.0,79.11392405063292,88.88888888888889,94.5,30.37974683544304,62.65822784810127,27.77777777777778,5.063291139240507,31.5,,,,,,,,,6.0,True,4.0,True
Ethan Pinnock,Brentford,2.5,45.5,41.9,84.0,1.0,0.0,3.0,,,0.2,66.7,6.0,167.0,0.8,0.0,0.03,0.0,2.0,1.2,0.07,0.1,,,2.0,1.5,43.0,0.1,21.1,0.9,24.0,,,,,6.93,0.0,0.1,1.8,,,0.8,65.7,,,2.0,0.0,4.0,0.1,0.7,1.0,2521,29,JAM,10.5,2.0,0.07,0.0,DF,30.0,Defender,9.0,7.0,1.2857142857142858,100.0,24.761904761904763,79.04761904761905,91.9047619047619,99.52380952380952,78.57142857142857,56.19047619047619,57.61904761904761,71.42857142857143,66.66666666666666,,,,,,,,,,,,69.5,24.761904761904763,79.04761904761905,91.9047619047619,99.52380952380952,78.57142857142857,74.8,56.19047619047619,57.61904761904761,71.42857142857143,66.66666666666666,63.0,,,,,,,,,,,,,,,,,,,,,,,5.0,True,4.0,True,,,,,,,,
Evan Ferguson,Brighton and Hove Albion,0.3,57.1,16.1,81.3,1.0,0.0,4.0,,,0.5,53.8,0.5,8.0,0.8,0.0,0.05,0.0,4.6,5.6,0.3,1.6,,,6.0,0.1,2.0,1.3,60.6,0.2,3.0,,,1.0,1.6,6.52,1.0,0.4,0.9,,,0.4,42.9,,,6.0,0.0,6.0,0.4,2.2,1.0,1365,27,IRL,18.2,6.0,0.4,0.0,FW,18.0,Forward,10.0,7.0,1.4285714285714286,100.0,,,,,,,,,,,1.8518518518518516,9.49367088607595,7.59493670886076,8.227848101265822,57.59493670886076,43.67088607594937,38.607594936708864,79.11392405063292,98.73417721518987,79.01234567901234,42.4,,,,,,,,,,,,,,,,,,,,,,57.59493670886076,43.67088607594937,38.607594936708864,79.11392405063292,98.73417721518987,79.01234567901234,66.1,9.49367088607595,7.59493670886076,1.8518518518518516,8.227848101265822,6.8,,,,,,,,,6.0,True,4.0,True
Ezri Konsa,Aston Villa,1.3,56.1,52.7,92.2,1.0,0.0,3.0,,,0.6,76.0,2.0,68.0,1.0,0.0,0.03,0.0,2.5,1.1,0.07,0.4,,,1.0,0.8,28.0,0.1,26.3,0.6,20.0,1.0,35.0,1.0,1.9,6.85,0.0,0.2,1.7,,,0.9,59.3,,,1.0,0.0,8.0,0.2,0.6,5.0,3073,35,ENG,5.3,1.0,0.03,0.0,DF,25.0,Defender,9.0,7.0,1.2857142857142858,100.0,34.76190476190476,45.23809523809524,22.857142857142858,19.047619047619047,54.761904761904766,74.28571428571429,91.42857142857143,26.666666666666668,85.71428571428571,,,,,,,,,,,,50.5,34.76190476190476,45.23809523809524,22.857142857142858,19.047619047619047,54.761904761904766,35.3,74.28571428571429,91.42857142857143,26.666666666666668,85.71428571428571,69.5,,,,,,,,,,,,,,,,,,,,,,,5.0,True,4.0,True,,,,,,,,
Fabian Schär,Newcastle United,5.5,50.1,51.7,83.2,2.0,1.0,2.0,,,0.4,61.9,3.9,131.0,1.4,1.0,0.04,0.0,2.6,2.7,0.08,1.1,,,4.0,1.1,36.0,0.3,25.7,1.1,38.0,,,2.0,0.8,6.85,1.0,0.1,1.9,,,0.7,57.1,1.0,1.4,4.0,0.0,10.0,0.3,1.0,5.0,3054,36,SUI,11.4,4.0,0.12,0.0,DF,31.0,Defender,9.0,7.0,1.2857142857142858,100.0,13.333333333333334,33.80952380952381,62.38095238095238,73.33333333333333,92.38095238095238,71.42857142857143,50.476190476190474,99.04761904761905,77.14285714285715,,,,,,,,,,,,63.7,13.333333333333334,33.80952380952381,62.38095238095238,73.33333333333333,92.38095238095238,55.0,71.42857142857143,50.476190476190474,99.04761904761905,77.14285714285715,74.5,,,,,,,,,,,,,,,,,,,,,,,5.0,True,4.0,True,,,,,,,,
Facundo Buonanotte,Brighton and Hove Albion,0.3,45.5,26.3,85.3,3.0,1.0,2.0,,,1.2,39.1,0.3,5.0,1.2,1.0,0.08,0.1,2.4,3.0,0.16,2.2,,,3.0,0.5,8.0,0.6,42.9,0.2,3.0,,,,,6.62,0.0,0.7,2.2,,,1.4,52.4,1.0,1.2,3.0,0.0,18.0,1.2,1.4,7.0,1368,27,ARG,14.3,3.0,0.2,0.0,"FW,MF",18.0,Forward,10.0,7.0,1.4285714285714286,100.0,,,,,,,,,,,46.2962962962963,30.37974683544304,32.91139240506329,44.303797468354425,20.88607594936709,8.227848101265822,3.1645569620253164,8.860759493670885,62.0253164556962,53.086419753086425,31.0,,,,,,,,,,,,,,,,,,,,,,20.88607594936709,8.227848101265822,3.1645569620253164,8.860759493670885,62.0253164556962,53.086419753086425,26.0,30.37974683544304,32.91139240506329,46.2962962962963,44.303797468354425,38.5,,,,,,,,,6.0,True,4.0,True
Frank Onyeka,Brentford,1.1,37.8,22.7,77.6,2.0,2.0,2.0,,,0.9,44.0,1.3,17.0,1.4,2.0,0.11,0.2,2.2,1.6,0.17,1.9,,,1.0,1.8,23.0,0.7,40.9,0.5,7.0,,,,,6.71,0.0,0.5,2.9,,,1.9,64.9,2.0,1.4,1.0,0.0,12.0,0.9,1.7,8.0,1155,26,NGA,4.6,1.0,0.08,0.0,MF,25.0,Midfielder,10.0,7.0,1.4285714285714286,100.0,91.39784946236558,,97.31182795698925,,,13.978494623655912,15.053763440860216,26.881720430107524,,61.82795698924731,35.78431372549019,55.376344086021504,78.49462365591397,60.215053763440864,,,,,,,53.6,,,,,,,,,,,,91.39784946236558,97.31182795698925,61.82795698924731,83.5,35.78431372549019,55.376344086021504,78.49462365591397,13.978494623655912,60.215053763440864,48.8,,,,,,,,,,,,,,,,,3.0,True,5.0,True,,,,
Gabriel,Arsenal,2.0,40.4,56.5,89.1,2.0,0.0,2.0,,,0.1,50.0,2.9,97.0,0.7,0.0,0.02,0.0,4.2,2.9,0.13,1.0,,,4.0,0.9,31.0,0.3,35.5,1.0,33.0,,,,,7.22,1.0,0.1,1.7,,,0.8,58.3,,,4.0,0.0,3.0,0.1,0.9,4.0,3044,36,BRA,12.9,4.0,0.12,0.0,DF,25.0,Defender,9.0,7.0,1.2857142857142858,100.0,24.761904761904763,42.38095238095238,35.23809523809524,56.19047619047619,87.14285714285714,80.0,81.9047619047619,57.14285714285714,48.57142857142857,,,,,,,,,,,,57.0,24.761904761904763,42.38095238095238,35.23809523809524,56.19047619047619,87.14285714285714,49.1,80.0,81.9047619047619,57.14285714285714,48.57142857142857,66.9,,,,,,,,,,,,,,,,,,,,,,,5.0,True,4.0,True,,,,,,,,
Gabriel Jesus,Arsenal,0.4,87.5,24.1,81.0,6.0,5.0,7.0,,,2.1,53.8,0.7,11.0,3.2,5.0,0.2,0.3,6.4,5.1,0.39,1.6,,,4.0,0.8,13.0,1.2,34.5,0.1,1.0,,,1.0,1.9,7.0,3.0,1.0,1.5,,,1.0,70.8,5.0,3.2,4.0,0.0,29.0,1.8,3.3,6.0,1482,27,BRA,7.3,4.0,0.24,0.0,FW,26.0,Forward,10.0,7.0,1.4285714285714286,100.0,,,,,,,,,,,77.1604938271605,79.11392405063292,81.64556962025317,87.34177215189874,29.11392405063291,63.92405063291139,84.81012658227847,70.88607594936708,24.68354430379747,11.728395061728394,61.0,,,,,,,,,,,,,,,,,,,,,,29.11392405063291,63.92405063291139,84.81012658227847,70.88607594936708,24.68354430379747,11.728395061728394,47.5,79.11392405063292,81.64556962025317,77.1604938271605,87.34177215189874,81.3,,,,,,,,,6.0,True,4.0,True
Gabriel Martinelli,Arsenal,1.1,72.7,30.4,85.0,7.0,4.0,5.0,,,1.8,39.6,0.3,7.0,5.2,4.0,0.23,0.2,7.1,5.8,0.31,1.0,,,6.0,0.2,5.0,1.0,37.9,0.0,1.0,,,,,7.09,1.0,0.8,2.1,,,1.1,80.0,4.0,5.2,6.0,0.0,46.0,2.0,2.6,1.0,2029,35,BRA,10.3,6.0,0.27,0.0,FW,22.0,Forward,10.0,7.0,1.4285714285714286,100.0,,,,,,,,,,,84.5679012345679,88.60759493670885,62.65822784810127,75.9493670886076,37.9746835443038,46.835443037974684,58.86075949367089,49.36708860759494,39.24050632911392,32.098765432098766,57.6,,,,,,,,,,,,,,,,,,,,,,37.9746835443038,46.835443037974684,58.86075949367089,49.36708860759494,39.24050632911392,32.098765432098766,44.1,88.60759493670885,62.65822784810127,84.5679012345679,75.9493670886076,77.9,,,,,,,,,6.0,True,4.0,True
Gabriel Osho,Luton Town,1.3,31.0,28.2,82.5,,,,,,0.3,58.3,4.3,88.0,0.2,0.0,0.01,0.0,1.1,0.9,0.05,1.1,,,2.0,1.5,31.0,0.1,20.0,1.0,20.0,,,,,6.5,1.0,0.1,1.8,,,1.1,53.7,,,2.0,0.0,2.0,0.1,0.5,3.0,1848,21,ENG,20.0,2.0,0.1,0.0,DF,24.0,Defender,9.0,7.0,1.2857142857142858,100.0,52.85714285714286,19.047619047619047,91.9047619047619,80.0,87.14285714285714,22.857142857142858,46.666666666666664,26.666666666666668,9.523809523809524,,,,,,,,,,,,48.5,52.85714285714286,19.047619047619047,91.9047619047619,80.0,87.14285714285714,66.2,22.857142857142858,46.666666666666664,26.666666666666668,9.523809523809524,26.4,,,,,,,,,,,,,,,,,,,,,,,5.0,True,4.0,True,,,,,,,,
George Baldock,Sheffield United,,,,,1.0,1.0,,,,,,,,0.6,1.0,,,0.0,,,,,,,,,,,,,,,1.0,1.3,,,,,,,,,1.0,0.6,,,7.0,0.6,,,970,13,GRE,,0.0,,0.0,DF,30.0,Defender,0.0,7.0,0.0,0.0,,,,,,,,,,,,,,,,,,,,,,,,,,,,,,,,,,,,,,,,,,,,,,,,,,,,,,,0.0,False,0.0,False,,,,,,,,
Guglielmo Vicario,Tottenham Hotspur,,,30.2,83.7,,,,7.0,61.0,,,1.2,46.0,0.0,0.0,0.0,0.0,,,,,1.6,61.0,,0.0,1.0,,,,,,,,,6.94,2.0,,,2.9,110.0,,,,,,,,,,,3420,38,ITA,,,,0.0,GK,26.0,Goalkeeper,,,,,,,,,,,,,,,,,,,,,,,,,,,,,,,,,,,,,,,,,,,,,,,,,,,,,,,,,,,,,,,,,,,,,,
Gustavo Hamer,Sheffield United,1.3,33.9,22.2,73.5,10.0,6.0,1.0,,,0.9,50.0,1.0,32.0,4.6,6.0,0.14,0.2,3.0,4.8,0.09,1.5,,,4.0,0.9,29.0,0.5,30.6,0.3,9.0,1.0,36.0,,,7.01,1.0,0.5,2.2,,,0.6,53.8,6.0,4.6,4.0,0.0,70.0,2.2,1.5,9.0,2923,36,NED,8.2,4.0,0.12,0.0,MF,26.0,Midfielder,10.0,7.0,1.4285714285714286,100.0,11.29032258064516,,52.68817204301075,,,10.75268817204301,6.451612903225806,37.634408602150536,,24.193548387096776,86.76470588235294,67.20430107526882,78.49462365591397,60.215053763440864,,,,,,,43.6,,,,,,,,,,,,11.29032258064516,52.68817204301075,24.193548387096776,29.4,86.76470588235294,67.20430107526882,78.49462365591397,10.75268817204301,60.215053763440864,60.7,,,,,,,,,,,,,,,,,3.0,True,5.0,True,,,,
Harrison Reed,Fulham,1.4,56.8,41.9,85.3,2.0,2.0,,,,0.3,50.0,1.5,22.0,1.5,2.0,0.1,0.1,0.3,0.6,0.02,1.8,,,,0.7,11.0,0.1,22.2,0.6,9.0,,,,,6.6,0.0,0.5,2.7,,,1.2,62.1,2.0,1.5,,,14.0,1.0,0.6,6.0,1324,27,ENG,0.0,0.0,0.0,0.0,MF,28.0,Midfielder,10.0,7.0,1.4285714285714286,100.0,54.3010752688172,,35.483870967741936,,,62.903225806451616,58.06451612903226,43.54838709677419,,55.376344086021504,44.11764705882353,47.31182795698925,51.61290322580645,12.365591397849462,,,,,,,46.5,,,,,,,,,,,,54.3010752688172,35.483870967741936,55.376344086021504,48.4,44.11764705882353,47.31182795698925,51.61290322580645,62.903225806451616,12.365591397849462,43.7,,,,,,,,,,,,,,,,,3.0,True,5.0,True,,,,
Harry Maguire,Manchester United,4.0,49.3,49.9,83.4,2.0,2.0,2.0,,,,,4.5,83.0,0.9,2.0,0.05,0.1,2.0,1.5,0.11,1.1,,,2.0,1.4,25.0,0.2,15.0,1.3,24.0,,,1.0,0.5,7.18,0.0,0.2,1.5,,,0.9,70.8,2.0,0.9,2.0,0.0,6.0,0.3,1.1,4.0,1650,22,ENG,10.0,2.0,0.11,0.0,DF,30.0,Defender,9.0,7.0,1.2857142857142858,100.0,34.76190476190476,94.28571428571428,85.23809523809524,82.85714285714286,97.61904761904762,68.57142857142857,53.80952380952381,90.95238095238095,75.23809523809524,,,,,,,,,,,,75.9,34.76190476190476,94.28571428571428,85.23809523809524,82.85714285714286,97.61904761904762,79.0,68.57142857142857,53.80952380952381,90.95238095238095,75.23809523809524,72.1,,,,,,,,,,,,,,,,,,,,,,,5.0,True,4.0,True,,,,,,,,
Harry Toffolo,Nottingham Forest,1.1,25.8,21.0,76.2,3.0,3.0,2.0,,,0.1,33.3,2.7,44.0,1.2,3.0,0.07,0.2,1.6,1.1,0.1,1.1,,,1.0,0.9,14.0,0.3,62.5,0.8,13.0,,,,,6.63,1.0,0.1,1.2,,,0.9,53.8,3.0,1.2,1.0,0.0,18.0,1.1,0.5,3.0,1455,23,ENG,12.5,1.0,0.06,0.0,DF,27.0,Defender,9.0,7.0,1.2857142857142858,100.0,34.76190476190476,20.952380952380953,35.23809523809524,46.666666666666664,70.47619047619048,2.857142857142857,15.238095238095239,18.571428571428573,3.8095238095238098,,,,,,,,,,,,27.6,34.76190476190476,20.952380952380953,35.23809523809524,46.666666666666664,70.47619047619048,41.6,2.857142857142857,15.238095238095239,18.571428571428573,3.8095238095238098,10.1,,,,,,,,,,,,,,,,,,,,,,,5.0,True,4.0,True,,,,,,,,
Harry Wilson,Fulham,1.6,61.7,25.7,79.2,5.0,6.0,2.0,,,0.8,48.4,0.6,11.0,2.7,6.0,0.15,0.3,3.4,3.3,0.19,1.2,,,4.0,0.6,10.0,0.7,32.5,0.2,3.0,,,1.0,2.2,6.8,2.0,0.5,1.9,,,0.8,66.7,6.0,2.7,4.0,0.0,22.0,1.2,2.2,6.0,1614,35,WAL,10.0,4.0,0.22,0.0,FW,26.0,Forward,10.0,7.0,1.4285714285714286,100.0,,,,,,,,,,,46.2962962962963,62.0253164556962,81.64556962025317,22.78481012658228,22.78481012658228,15.18987341772152,38.607594936708864,15.18987341772152,15.18987341772152,27.77777777777778,34.7,,,,,,,,,,,,,,,,,,,,,,22.78481012658228,15.18987341772152,38.607594936708864,15.18987341772152,15.18987341772152,27.77777777777778,22.5,62.0253164556962,81.64556962025317,46.2962962962963,22.78481012658228,53.2,,,,,,,,,6.0,True,4.0,True
Harvey Elliott,Liverpool,2.7,62.5,53.4,87.7,5.0,6.0,1.0,,,0.6,47.4,0.4,6.0,4.6,6.0,0.31,0.4,2.7,2.8,0.18,0.5,,,3.0,0.4,6.0,1.1,34.7,,,,,1.0,0.9,7.05,2.0,1.3,3.1,,,1.1,63.0,6.0,4.6,3.0,0.0,37.0,2.5,3.3,2.0,1336,34,ENG,6.1,3.0,0.2,0.0,"MF,FW",20.0,Midfielder,10.0,7.0,1.4285714285714286,100.0,47.8494623655914,,9.13978494623656,,,81.72043010752688,74.19354838709677,82.25806451612904,,75.26881720430107,92.15686274509804,97.84946236559139,98.38709677419355,36.02150537634409,,,,,,,69.5,,,,,,,,,,,,47.8494623655914,9.13978494623656,75.26881720430107,44.1,92.15686274509804,97.84946236559139,98.38709677419355,81.72043010752688,36.02150537634409,81.2,,,,,,,,,,,,,,,,,3.0,True,5.0,True,,,,
Hee-Chan Hwang,Wolverhampton Wanderers,0.4,58.8,17.5,77.7,4.0,3.0,8.0,,,1.5,54.5,0.3,8.0,2.9,3.0,0.12,0.1,7.7,7.2,0.33,1.3,,,12.0,0.4,10.0,0.8,40.0,0.0,1.0,1.0,29.0,1.0,1.4,7.02,4.0,0.7,1.0,,,0.4,50.0,3.0,2.9,12.0,1.0,17.0,0.7,1.9,6.0,2124,29,KOR,26.7,12.0,0.51,0.0,"FW,MF",27.0,Forward,10.0,7.0,1.4285714285714286,100.0,,,,,,,,,,,8.024691358024691,48.734177215189874,32.91139240506329,60.75949367088608,78.48101265822784,52.53164556962025,15.822784810126583,25.949367088607595,46.20253164556962,93.82716049382715,46.3,,,,,,,,,,,,,,,,,,,,,,78.48101265822784,52.53164556962025,15.822784810126583,25.949367088607595,46.20253164556962,93.82716049382715,52.1,48.734177215189874,32.91139240506329,8.024691358024691,60.75949367088608,37.6,,,,,,,,,6.0,True,4.0,True
Heung-Min Son,Tottenham Hotspur,0.3,68.8,26.6,85.1,20.0,10.0,7.0,,,1.2,45.3,0.1,4.0,8.3,10.0,0.25,0.3,12.1,13.9,0.37,0.4,,,17.0,0.2,8.0,1.2,47.1,0.0,1.0,1.0,35.0,1.0,1.2,7.5,7.0,1.0,0.8,,,0.4,61.9,10.0,8.3,17.0,2.0,68.0,2.1,2.6,1.0,2946,35,KOR,20.0,17.0,0.52,0.0,FW,31.0,Forward,10.0,7.0,1.4285714285714286,100.0,,,,,,,,,,,87.03703703703704,90.50632911392405,81.64556962025317,44.303797468354425,81.64556962025317,59.49367088607595,58.86075949367089,70.88607594936708,75.9493670886076,83.9506172839506,73.4,,,,,,,,,,,,,,,,,,,,,,81.64556962025317,59.49367088607595,58.86075949367089,70.88607594936708,75.9493670886076,83.9506172839506,71.8,90.50632911392405,81.64556962025317,87.03703703703704,44.303797468354425,75.9,,,,,,,,,6.0,True,4.0,True
Ibrahim Sangaré,Nottingham Forest,,,,,,,1.0,,,,,,,0.4,0.0,,,0.6,,,,,,,,,,,,,,,,,,,,,,,,,,,,,7.0,0.6,,,1037,17,CIV,0.0,0.0,,0.0,MF,25.0,Midfielder,1.0,7.0,0.14285714285714285,10.0,,,,,,,,,,,15.686274509803921,,,,,,,,,,,,,,,,,,,,,,,,,,15.686274509803921,,,,,,,,,,,,,,,,,,,,,,0.0,False,1.0,False,,,,
Ibrahima Konaté,Liverpool,2.7,43.1,73.0,88.0,1.0,0.0,,,,0.3,85.7,2.9,51.0,0.5,0.0,0.03,0.0,0.8,0.5,0.05,1.4,,,,1.1,20.0,0.1,18.2,0.7,12.0,,,,,7.16,0.0,0.1,2.5,,,1.3,61.1,,,,,8.0,0.5,0.6,3.0,1571,22,FRA,0.0,0.0,0.0,1.0,DF,24.0,Defender,9.0,7.0,1.2857142857142858,100.0,69.04761904761905,54.761904761904766,62.38095238095238,56.19047619047619,62.38095238095238,92.85714285714286,78.0952380952381,74.28571428571429,58.0952380952381,,,,,,,,,,,,67.6,69.04761904761905,54.761904761904766,62.38095238095238,56.19047619047619,62.38095238095238,61.0,92.85714285714286,78.0952380952381,74.28571428571429,58.0952380952381,75.8,,,,,,,,,,,,,,,,,,,,,,,5.0,True,4.0,True,,,,,,,,
Idrissa Gana Gueye,Everton,1.0,42.3,35.8,85.6,1.0,0.0,,,,0.5,50.0,0.8,16.0,0.8,0.0,0.04,0.0,1.3,2.8,0.06,1.7,,,4.0,1.3,28.0,0.3,26.9,0.3,7.0,,,,,7.24,2.0,0.8,4.4,,,2.1,60.3,,,4.0,0.0,15.0,0.7,1.2,8.0,1892,25,SEN,15.4,4.0,0.19,0.0,MF,33.0,Midfielder,10.0,7.0,1.4285714285714286,100.0,94.6236559139785,,83.33333333333334,,,50.53763440860215,61.29032258064516,22.58064516129032,,98.9247311827957,24.019607843137255,12.903225806451612,17.741935483870968,27.956989247311824,,,,,,,49.4,,,,,,,,,,,,94.6236559139785,83.33333333333334,98.9247311827957,92.3,24.019607843137255,12.903225806451612,17.741935483870968,50.53763440860215,27.956989247311824,26.6,,,,,,,,,,,,,,,,,3.0,True,5.0,True,,,,
Igor,Brighton and Hove Albion,1.3,46.9,73.0,93.6,1.0,0.0,,,,0.9,76.2,2.5,45.0,0.5,0.0,0.03,0.0,0.3,,0.02,1.2,,,,0.8,14.0,,,0.5,9.0,,,,,6.89,0.0,0.2,3.0,,,1.0,72.0,,,,,7.0,0.4,0.3,4.0,1636,24,BRA,0.0,0.0,0.0,0.0,DF,25.0,Defender,9.0,7.0,1.2857142857142858,100.0,44.285714285714285,97.14285714285714,22.857142857142858,37.61904761904762,45.23809523809524,92.85714285714286,96.19047619047619,26.666666666666668,69.52380952380952,,,,,,,,,,,,59.2,44.285714285714285,97.14285714285714,22.857142857142858,37.61904761904762,45.23809523809524,49.4,92.85714285714286,96.19047619047619,26.666666666666668,69.52380952380952,71.3,,,,,,,,,,,,,,,,,,,,,,,5.0,True,4.0,True,,,,,,,,
Illia Zabarnyi,Bournemouth,3.5,39.2,39.7,81.6,,,2.0,,,0.2,81.8,3.7,138.0,0.6,0.0,0.02,0.0,1.1,1.0,0.03,0.6,,,1.0,0.9,33.0,0.1,37.5,0.9,34.0,,,,,6.67,0.0,0.0,1.7,,,0.9,54.2,,,1.0,0.0,7.0,0.2,0.2,5.0,3330,37,UKR,12.5,1.0,0.03,0.0,DF,20.0,Defender,9.0,7.0,1.2857142857142858,100.0,34.76190476190476,23.809523809523807,35.23809523809524,68.57142857142857,78.57142857142857,50.476190476190474,45.714285714285715,86.66666666666667,43.333333333333336,,,,,,,,,,,,51.9,34.76190476190476,23.809523809523807,35.23809523809524,68.57142857142857,78.57142857142857,48.2,50.476190476190474,45.714285714285715,86.66666666666667,43.333333333333336,56.5,,,,,,,,,,,,,,,,,,,,,,,5.0,True,4.0,True,,,,,,,,
Issa Diop,Fulham,,,,,,,,,,,,,,0.4,0.0,,,0.3,0.3,,,,,,,,,,,,3.0,18.0,,,,,,,,,,,,,,,,,,2.0,1425,18,FRA,,0.0,,1.0,DF,26.0,Defender,0.0,7.0,0.0,0.0,,,,,,,,,,,,,,,,,,,,,,,,,,,,,,,,,,,,,,,,,,,,,,,,,,,,,,,0.0,False,0.0,False,,,,,,,,
Issa Kaboré,Luton Town,0.8,31.9,21.4,76.0,5.0,2.0,,,,0.9,50.0,2.4,46.0,1.9,2.0,0.1,0.1,0.2,0.1,0.01,1.4,,,,0.8,16.0,0.1,16.7,0.6,11.0,,,,,6.74,0.0,0.3,1.7,,,1.5,53.8,2.0,1.9,,,16.0,0.8,0.3,7.0,1732,24,BFA,0.0,0.0,0.0,0.0,DF,22.0,Defender,9.0,7.0,1.2857142857142858,100.0,83.33333333333334,20.952380952380953,22.857142857142858,33.33333333333333,54.761904761904766,3.8095238095238098,14.285714285714285,5.714285714285714,15.238095238095239,,,,,,,,,,,,28.3,83.33333333333334,20.952380952380953,22.857142857142858,33.33333333333333,54.761904761904766,43.0,3.8095238095238098,14.285714285714285,5.714285714285714,15.238095238095239,9.8,,,,,,,,,,,,,,,,,,,,,,,5.0,True,4.0,True,,,,,,,,
Ivan Toney,Brentford,,,,,3.0,2.0,11.0,,,,,,,1.4,2.0,,,6.0,5.0,,,,,,,,,,,,,,,,,,,,,,,,2.0,1.4,4.0,0.0,12.0,0.7,,,1449,17,ENG,7.8,4.0,,0.0,FW,27.0,Forward,2.0,7.0,0.2857142857142857,20.0,,,,,,,,,,,8.024691358024691,,,,,,,,,13.580246913580247,,,,,,,,,,,,,,,,,,,,,,,,,,,,13.580246913580247,,,,8.024691358024691,,,,,,,,,,,1.0,False,1.0,False
Jack Grealish,Manchester City,1.1,75.0,43.4,87.7,3.0,1.0,,,,1.6,62.1,0.4,4.0,2.8,1.0,0.25,0.1,2.1,2.2,0.19,0.5,,,3.0,0.5,6.0,0.4,22.7,0.2,2.0,,,,,,,0.9,1.8,,,0.7,61.5,1.0,2.8,3.0,0.0,26.0,2.3,2.0,7.0,1003,20,ENG,13.6,3.0,0.27,0.0,"FW,MF",27.0,Forward,10.0,7.0,1.4285714285714286,100.0,,,,,,,,,,,92.5925925925926,90.50632911392405,32.91139240506329,65.82278481012658,37.9746835443038,15.18987341772152,22.151898734177212,1.89873417721519,1.2658227848101267,47.53086419753087,40.8,,,,,,,,,,,,,,,,,,,,,,37.9746835443038,15.18987341772152,22.151898734177212,1.89873417721519,1.2658227848101267,47.53086419753087,21.0,90.50632911392405,32.91139240506329,92.5925925925926,65.82278481012658,70.5,,,,,,,,,6.0,True,4.0,True
Jack Harrison,Everton,0.6,30.4,15.7,72.7,5.0,3.0,3.0,,,1.2,42.6,0.9,21.0,3.3,3.0,0.13,0.1,3.6,3.0,0.14,0.8,,,3.0,0.5,12.0,0.4,26.5,0.2,5.0,,,,,6.85,1.0,0.7,2.3,,,0.9,59.5,3.0,3.3,3.0,0.0,28.0,1.1,1.4,1.0,2219,29,ENG,8.8,3.0,0.12,0.0,"MF,FW",26.0,Midfielder,10.0,7.0,1.4285714285714286,100.0,27.419354838709676,,17.20430107526882,,,3.225806451612903,5.376344086021505,12.365591397849462,,30.64516129032258,51.470588235294116,63.97849462365591,51.61290322580645,76.34408602150538,,,,,,,34.0,,,,,,,,,,,,27.419354838709676,17.20430107526882,30.64516129032258,25.1,51.470588235294116,63.97849462365591,51.61290322580645,3.225806451612903,76.34408602150538,49.3,,,,,,,,,,,,,,,,,3.0,True,5.0,True,,,,
Jack Robinson,Sheffield United,2.2,36.5,25.6,77.3,1.0,1.0,2.0,,,0.2,62.5,4.0,127.0,1.0,1.0,0.03,0.0,1.2,2.5,0.04,0.6,,,1.0,1.0,33.0,0.2,42.9,1.0,33.0,,,,,6.38,0.0,0.0,1.2,,,0.9,65.1,1.0,1.0,1.0,0.0,12.0,0.4,0.4,10.0,2885,34,ENG,7.1,1.0,0.03,0.0,DF,29.0,Defender,9.0,7.0,1.2857142857142858,100.0,34.76190476190476,77.14285714285715,49.523809523809526,77.14285714285715,87.14285714285714,15.238095238095239,21.904761904761905,62.857142857142854,30.952380952380953,,,,,,,,,,,,50.7,34.76190476190476,77.14285714285715,49.523809523809526,77.14285714285715,87.14285714285714,65.1,15.238095238095239,21.904761904761905,62.857142857142854,30.952380952380953,32.7,,,,,,,,,,,,,,,,,,,,,,,5.0,True,4.0,True,,,,,,,,
Jacob Brown,Luton Town,0.4,16.7,11.4,56.3,1.0,0.0,3.0,,,0.5,27.3,1.5,17.0,0.4,0.0,0.04,0.0,2.8,1.5,0.25,1.7,,,2.0,0.7,8.0,0.6,26.9,0.1,1.0,,,,,6.49,0.0,1.1,1.7,,,1.1,63.2,,,2.0,0.0,8.0,0.7,2.3,4.0,1020,19,SCO,7.7,2.0,0.18,0.0,"MF,FW",25.0,Midfielder,10.0,7.0,1.4285714285714286,100.0,47.8494623655914,,35.483870967741936,,,1.0752688172043012,1.0752688172043012,5.376344086021505,,8.60215053763441,24.019607843137255,12.903225806451612,17.741935483870968,27.956989247311824,,,,,,,18.2,,,,,,,,,,,,47.8494623655914,35.483870967741936,8.60215053763441,30.6,24.019607843137255,12.903225806451612,17.741935483870968,1.0752688172043012,27.956989247311824,16.7,,,,,,,,,,,,,,,,,3.0,True,5.0,True,,,,
Jacob Bruun Larsen,Burnley,1.0,66.7,25.3,76.8,1.0,0.0,4.0,,,1.4,39.2,1.5,21.0,1.8,0.0,0.13,0.0,5.0,4.7,0.36,0.9,,,6.0,0.5,7.0,1.2,36.4,0.1,2.0,,,,,6.68,0.0,0.6,2.2,,,0.3,44.4,,,6.0,1.0,25.0,1.8,3.2,1.0,1248,32,DEN,13.6,6.0,0.43,0.0,"MF,FW",24.0,Midfielder,10.0,7.0,1.4285714285714286,100.0,2.1505376344086025,,17.20430107526882,,,20.43010752688172,10.75268817204301,22.58064516129032,,24.193548387096776,80.3921568627451,63.97849462365591,17.741935483870968,85.48387096774194,,,,,,,34.5,,,,,,,,,,,,2.1505376344086025,17.20430107526882,24.193548387096776,14.5,80.3921568627451,63.97849462365591,17.741935483870968,20.43010752688172,85.48387096774194,53.6,,,,,,,,,,,,,,,,,3.0,True,5.0,True,,,,
Jacob Murphy,Newcastle United,0.5,25.0,23.4,73.6,10.0,7.0,3.0,,,1.0,50.0,1.0,13.0,3.4,7.0,0.26,0.5,2.2,2.3,0.16,0.5,,,3.0,0.5,6.0,0.8,33.3,,,,,,,,,0.9,2.4,,,0.8,50.0,7.0,3.4,3.0,0.0,31.0,2.3,2.3,1.0,1193,21,ENG,10.0,3.0,0.23,0.0,"FW,DF",28.0,Forward,10.0,7.0,1.4285714285714286,100.0,,,,,,,,,,,92.5925925925926,93.0379746835443,98.73417721518987,30.37974683544304,24.68354430379747,8.227848101265822,45.56962025316456,25.949367088607595,17.088607594936708,27.77777777777778,46.4,,,,,,,,,,,,,,,,,,,,,,24.68354430379747,8.227848101265822,45.56962025316456,25.949367088607595,17.088607594936708,27.77777777777778,24.9,93.0379746835443,98.73417721518987,92.5925925925926,30.37974683544304,78.7,,,,,,,,,6.0,True,4.0,True
Jakub Kiwior,Arsenal,2.0,50.0,44.5,85.8,1.0,3.0,3.0,,,0.2,66.7,2.3,24.0,0.6,3.0,0.06,0.3,0.8,0.4,0.08,1.0,,,1.0,0.8,8.0,0.3,50.0,0.3,3.0,,,,,,,0.1,1.6,,,1.1,60.0,3.0,0.6,1.0,0.0,6.0,0.6,0.6,1.0,945,20,POL,16.7,1.0,0.1,0.0,DF,23.0,Defender,9.0,7.0,1.2857142857142858,100.0,52.85714285714286,49.523809523809526,22.857142857142858,28.095238095238095,20.952380952380953,60.0,63.8095238095238,57.14285714285714,76.19047619047619,,,,,,,,,,,,47.9,52.85714285714286,49.523809523809526,22.857142857142858,28.095238095238095,20.952380952380953,34.9,60.0,63.8095238095238,57.14285714285714,76.19047619047619,64.3,,,,,,,,,,,,,,,,,,,,,,,5.0,True,4.0,True,,,,,,,,
Jamaal Lascelles,Newcastle United,,,,,,,1.0,,,,,,,0.1,0.0,,,0.8,0.4,,,,,,,,,,,,,,,,,,,,,,,,,,1.0,0.0,2.0,0.2,,,1080,16,ENG,16.7,1.0,,0.0,DF,29.0,Defender,0.0,7.0,0.0,0.0,,,,,,,,,,,,,,,,,,,,,,,,,,,,,,,,,,,,,,,,,,,,,,,,,,,,,,,0.0,False,0.0,False,,,,,,,,
James Garner,Everton,1.4,53.5,27.6,82.8,7.0,2.0,1.0,,,0.6,54.3,1.3,45.0,3.7,2.0,0.11,0.1,2.8,1.8,0.08,1.2,,,1.0,1.3,45.0,0.3,26.8,0.4,14.0,,,,,7.15,1.0,0.8,2.9,,,1.3,53.0,2.0,3.7,1.0,0.0,44.0,1.3,1.2,7.0,3005,37,ENG,2.4,1.0,0.03,0.0,MF,22.0,Midfielder,10.0,7.0,1.4285714285714286,100.0,61.82795698924731,,83.33333333333334,,,25.806451612903224,44.086021505376344,43.54838709677419,,61.82795698924731,60.29411764705882,55.376344086021504,51.61290322580645,36.02150537634409,,,,,,,52.4,,,,,,,,,,,,61.82795698924731,83.33333333333334,61.82795698924731,69.0,60.29411764705882,55.376344086021504,51.61290322580645,25.806451612903224,36.02150537634409,45.8,,,,,,,,,,,,,,,,,3.0,True,5.0,True,,,,
James Maddison,Tottenham Hotspur,1.8,62.3,49.2,87.4,11.0,9.0,4.0,,,1.3,48.5,0.3,8.0,6.3,9.0,0.26,0.4,6.4,7.5,0.27,0.9,,,4.0,0.5,13.0,1.0,39.7,0.1,3.0,,,,,7.59,2.0,0.8,1.2,,,0.8,57.6,9.0,6.3,4.0,0.0,67.0,2.8,2.4,5.0,2152,28,ENG,6.9,4.0,0.17,0.0,MF,26.0,Midfielder,10.0,7.0,1.4285714285714286,100.0,22.043010752688172,,17.20430107526882,,,69.89247311827957,72.04301075268818,59.67741935483871,,1.0752688172043012,95.09803921568627,93.54838709677419,98.38709677419355,82.25806451612904,,,,,,,61.1,,,,,,,,,,,,22.043010752688172,17.20430107526882,1.0752688172043012,13.4,95.09803921568627,93.54838709677419,98.38709677419355,69.89247311827957,82.25806451612904,87.8,,,,,,,,,,,,,,,,,3.0,True,5.0,True,,,,
James McAtee,Sheffield United,0.3,28.0,17.3,72.0,4.0,3.0,2.0,,,1.6,38.8,0.7,15.0,2.1,3.0,0.11,0.1,3.1,3.6,0.15,0.7,,,3.0,0.5,11.0,0.4,34.6,,,,,,,6.63,0.0,0.7,1.8,,,1.0,65.6,3.0,2.1,3.0,1.0,28.0,1.4,1.3,2.0,1828,31,ENG,11.5,3.0,0.15,0.0,"MF,FW",20.0,Midfielder,10.0,7.0,1.4285714285714286,100.0,37.096774193548384,,17.20430107526882,,,4.301075268817205,2.1505376344086025,2.1505376344086025,,10.21505376344086,65.68627450980392,55.376344086021504,51.61290322580645,89.24731182795699,,,,,,,33.5,,,,,,,,,,,,37.096774193548384,17.20430107526882,10.21505376344086,21.5,65.68627450980392,55.376344086021504,51.61290322580645,4.301075268817205,89.24731182795699,53.2,,,,,,,,,,,,,,,,,3.0,True,5.0,True,,,,
James Tarkowski,Everton,4.2,53.4,31.2,77.8,5.0,1.0,4.0,,,0.4,80.0,4.9,186.0,2.7,1.0,0.07,0.0,2.7,1.0,0.07,1.2,,,1.0,1.5,56.0,0.1,20.0,1.5,56.0,1.0,38.0,,,7.13,2.0,0.2,2.0,,,1.1,68.9,1.0,2.7,1.0,0.0,22.0,0.6,0.7,11.0,3419,38,ENG,4.0,1.0,0.03,0.0,DF,30.0,Defender,9.0,7.0,1.2857142857142858,100.0,52.85714285714286,91.42857142857143,91.9047619047619,90.95238095238095,99.04761904761905,31.428571428571427,26.666666666666668,93.33333333333333,80.95238095238095,,,,,,,,,,,,73.2,52.85714285714286,91.42857142857143,91.9047619047619,90.95238095238095,99.04761904761905,85.2,31.428571428571427,26.666666666666668,93.33333333333333,80.95238095238095,58.1,,,,,,,,,,,,,,,,,,,,,,,5.0,True,4.0,True,,,,,,,,
James Trafford,Burnley,,,30.3,62.1,,,,2.0,62.0,0.1,100.0,1.4,38.0,0.1,0.0,0.0,0.0,,,,,2.2,62.0,,0.0,1.0,,,,,,,,,6.66,1.0,,,3.8,106.0,0.0,50.0,,,,,,,,,2520,28,ENG,,,,0.0,GK,20.0,Goalkeeper,,,,,,,,,,,,,,,,,,,,,,,,,,,,,,,,,,,,,,,,,,,,,,,,,,,,,,,,,,,,,,,,,,,,,,
James Ward-Prowse,West Ham United,1.5,63.3,39.5,89.6,12.0,7.0,1.0,,,0.3,61.1,1.3,44.0,6.3,7.0,0.19,0.2,6.2,7.3,0.19,0.7,,,7.0,1.1,38.0,0.5,40.9,0.3,9.0,,,,,7.37,4.0,0.4,2.0,,,0.9,64.4,7.0,6.3,7.0,2.0,64.0,1.9,1.3,4.0,3005,37,ENG,15.9,7.0,0.21,0.0,MF,28.0,Midfielder,10.0,7.0,1.4285714285714286,100.0,27.419354838709676,,64.51612903225806,,,59.13978494623656,87.09677419354838,47.8494623655914,,16.129032258064516,81.37254901960785,82.79569892473118,78.49462365591397,12.365591397849462,,,,,,,55.7,,,,,,,,,,,,27.419354838709676,64.51612903225806,16.129032258064516,36.0,81.37254901960785,82.79569892473118,78.49462365591397,59.13978494623656,12.365591397849462,62.8,,,,,,,,,,,,,,,,,3.0,True,5.0,True,,,,
Jan Paul van Hecke,Brighton and Hove Albion,3.3,62.9,84.3,92.5,,,2.0,,,0.2,71.4,2.8,74.0,1.1,0.0,0.04,0.0,1.2,1.5,0.05,0.5,,,,1.1,30.0,0.2,40.0,1.0,27.0,1.0,28.0,,,7.05,0.0,0.2,1.4,,,1.0,55.3,,,,,10.0,0.4,0.6,4.0,2368,28,NED,0.0,0.0,0.0,0.0,DF,23.0,Defender,9.0,7.0,1.2857142857142858,100.0,44.285714285714285,27.61904761904762,62.38095238095238,51.42857142857142,87.14285714285714,98.09523809523809,92.85714285714286,83.33333333333334,93.33333333333333,,,,,,,,,,,,71.2,44.285714285714285,27.61904761904762,62.38095238095238,51.42857142857142,87.14285714285714,54.6,98.09523809523809,92.85714285714286,83.33333333333334,93.33333333333333,91.9,,,,,,,,,,,,,,,,,,,,,,,5.0,True,4.0,True,,,,,,,,
Jarell Quansah,Liverpool,,,,,,,,,,,,,,0.2,0.0,,,1.0,1.8,,,,,,,,,,,,1.0,17.0,,,,,,,,,,,,,2.0,0.0,3.0,0.2,,,1189,17,ENG,,2.0,,0.0,DF,20.0,Defender,0.0,7.0,0.0,0.0,,,,,,,,,,,,,,,,,,,,,,,,,,,,,,,,,,,,,,,,,,,,,,,,,,,,,,,0.0,False,0.0,False,,,,,,,,
Jarrad Branthwaite,Everton,2.1,40.1,31.7,80.1,1.0,0.0,1.0,,,0.1,71.4,4.5,157.0,1.3,0.0,0.04,0.0,1.8,1.7,0.05,0.7,,,3.0,1.4,50.0,0.1,28.6,1.0,36.0,1.0,35.0,1.0,0.5,7.12,0.0,0.1,2.4,,,0.9,48.5,,,3.0,0.0,4.0,0.1,0.4,8.0,3117,35,ENG,21.4,3.0,0.09,0.0,DF,21.0,Defender,9.0,7.0,1.2857142857142858,100.0,34.76190476190476,8.095238095238095,85.23809523809524,82.85714285714286,87.14285714285714,32.857142857142854,39.04761904761905,60.0,46.666666666666664,,,,,,,,,,,,53.0,34.76190476190476,8.095238095238095,85.23809523809524,82.85714285714286,87.14285714285714,59.6,32.857142857142854,39.04761904761905,60.0,46.666666666666664,44.6,,,,,,,,,,,,,,,,,,,,,,,5.0,True,4.0,True,,,,,,,,
Jarrod Bowen,West Ham United,0.4,48.1,13.9,75.1,12.0,6.0,13.0,,,1.0,38.2,0.4,12.0,4.8,6.0,0.14,0.2,11.9,16.0,0.35,0.8,,,16.0,0.6,19.0,1.1,44.0,0.1,5.0,,,,,7.25,2.0,0.8,1.4,,,0.8,66.7,6.0,4.8,16.0,0.0,32.0,1.0,2.5,2.0,3020,34,ENG,19.1,16.0,0.48,0.0,FW,26.0,Forward,10.0,7.0,1.4285714285714286,100.0,,,,,,,,,,,27.77777777777778,56.9620253164557,62.65822784810127,30.37974683544304,74.0506329113924,55.06329113924051,55.06329113924051,61.39240506329114,67.08860759493672,81.48148148148148,57.2,,,,,,,,,,,,,,,,,,,,,,74.0506329113924,55.06329113924051,55.06329113924051,61.39240506329114,67.08860759493672,81.48148148148148,65.7,56.9620253164557,62.65822784810127,27.77777777777778,30.37974683544304,44.4,,,,,,,,,6.0,True,4.0,True
Jason Steele,Brighton and Hove Albion,,,,,,,,2.0,34.0,,,,,0.0,0.0,,,,,,,,,,,,,,,,,,,,,,,,,,,,,,,,,,,,1530,17,ENG,,,,,GK,32.0,Goalkeeper,,,,,,,,,,,,,,,,,,,,,,,,,,,,,,,,,,,,,,,,,,,,,,,,,,,,,,,,,,,,,,,,,,,,,,
Jayden Bogle,Sheffield United,1.1,31.8,17.3,69.7,,,1.0,,,0.8,48.1,2.8,86.0,1.2,0.0,0.04,0.0,2.3,2.6,0.07,1.2,,,3.0,1.0,32.0,0.4,34.4,0.4,11.0,,,,,6.59,0.0,0.3,1.4,,,1.2,54.5,,,3.0,0.0,10.0,0.3,1.0,9.0,2792,34,ENG,9.4,3.0,0.1,0.0,DF,23.0,Defender,9.0,7.0,1.2857142857142858,100.0,60.476190476190474,24.761904761904763,49.523809523809526,51.42857142857142,32.857142857142854,0.9523809523809524,1.9047619047619049,18.571428571428573,13.80952380952381,,,,,,,,,,,,28.3,60.476190476190474,24.761904761904763,49.523809523809526,51.42857142857142,32.857142857142854,43.8,0.9523809523809524,1.9047619047619049,18.571428571428573,13.80952380952381,8.8,,,,,,,,,,,,,,,,,,,,,,,5.0,True,4.0,True,,,,,,,,
Jean-Philippe Mateta,Crystal Palace,0.3,80.0,12.0,73.8,5.0,5.0,7.0,,,1.0,41.0,0.6,14.0,1.3,5.0,0.05,0.2,10.9,13.4,0.43,1.4,,,16.0,0.2,4.0,1.1,63.0,0.2,4.0,,,2.0,0.9,6.95,4.0,1.2,1.5,,,0.6,68.2,5.0,1.3,16.0,2.0,32.0,1.3,1.8,3.0,2283,35,FRA,34.8,16.0,0.63,0.0,FW,26.0,Forward,10.0,7.0,1.4285714285714286,100.0,,,,,,,,,,,55.55555555555556,9.49367088607595,62.65822784810127,30.37974683544304,86.70886075949366,73.41772151898735,12.025316455696203,61.39240506329114,100.0,100.0,59.2,,,,,,,,,,,,,,,,,,,,,,86.70886075949366,73.41772151898735,12.025316455696203,61.39240506329114,100.0,100.0,72.3,9.49367088607595,62.65822784810127,55.55555555555556,30.37974683544304,39.5,,,,,,,,,6.0,True,4.0,True
Jean-Ricner Bellegarde,Wolverhampton Wanderers,0.5,45.5,22.3,84.3,1.0,1.0,,,,1.6,50.0,1.2,13.0,0.8,1.0,0.07,0.1,1.6,1.0,0.15,0.9,,,2.0,0.8,8.0,0.5,33.3,0.2,2.0,,,,,6.48,0.0,0.8,1.9,,,0.9,58.8,1.0,0.8,2.0,0.0,12.0,1.1,1.4,0.0,958,22,HAI,13.3,2.0,0.19,1.0,"MF,FW",25.0,Midfielder,10.0,7.0,1.4285714285714286,100.0,27.419354838709676,,45.69892473118279,,,11.827956989247312,52.68817204301075,9.13978494623656,,12.903225806451612,51.470588235294116,25.268817204301076,51.61290322580645,89.24731182795699,,,,,,,37.7,,,,,,,,,,,,27.419354838709676,45.69892473118279,12.903225806451612,28.7,51.470588235294116,25.268817204301076,51.61290322580645,11.827956989247312,89.24731182795699,45.9,,,,,,,,,,,,,,,,,3.0,True,5.0,True,,,,
Jefferson Lerma,Crystal Palace,1.5,44.9,37.8,82.4,3.0,1.0,2.0,,,0.4,64.7,2.4,64.0,2.0,1.0,0.07,0.0,2.7,1.8,0.1,1.6,,,1.0,1.3,36.0,0.3,26.5,0.4,12.0,,,,,7.15,1.0,0.5,3.0,,,0.9,59.5,1.0,2.0,1.0,0.0,24.0,0.9,1.3,8.0,2403,28,COL,2.9,1.0,0.04,0.0,"MF,DF",28.0,Midfielder,10.0,7.0,1.4285714285714286,100.0,27.419354838709676,,83.33333333333334,,,55.376344086021504,40.86021505376344,47.8494623655914,,69.35483870967742,35.78431372549019,25.268817204301076,17.741935483870968,19.35483870967742,,,,,,,42.2,,,,,,,,,,,,27.419354838709676,83.33333333333334,69.35483870967742,60.0,35.78431372549019,25.268817204301076,17.741935483870968,55.376344086021504,19.35483870967742,30.7,,,,,,,,,,,,,,,,,3.0,True,5.0,True,,,,
Jeffrey Schlupp,Crystal Palace,0.4,27.3,16.3,75.9,2.0,2.0,1.0,,,1.1,45.9,1.2,18.0,1.4,2.0,0.09,0.1,1.9,2.8,0.12,1.6,,,2.0,0.5,8.0,0.7,57.9,0.1,2.0,,,,,6.7,0.0,0.5,1.3,,,1.6,63.2,2.0,1.4,2.0,0.0,19.0,1.3,1.3,1.0,1355,29,GHA,10.5,2.0,0.13,0.0,"FW,MF",30.0,Forward,10.0,7.0,1.4285714285714286,100.0,,,,,,,,,,,55.55555555555556,34.810126582278485,32.91139240506329,37.9746835443038,5.69620253164557,1.2658227848101267,1.2658227848101267,15.18987341772152,96.20253164556962,33.33333333333333,31.4,,,,,,,,,,,,,,,,,,,,,,5.69620253164557,1.2658227848101267,1.2658227848101267,15.18987341772152,96.20253164556962,33.33333333333333,25.5,34.810126582278485,32.91139240506329,55.55555555555556,37.9746835443038,40.3,,,,,,,,,6.0,True,4.0,True
Joachim Andersen,Crystal Palace,5.3,42.4,45.1,79.5,5.0,3.0,3.0,,,0.4,70.0,5.3,202.0,2.3,3.0,0.06,0.1,1.7,1.1,0.04,1.1,,,2.0,1.1,41.0,0.2,38.1,0.5,18.0,,,,,7.03,2.0,0.1,2.1,,,0.9,62.5,3.0,2.3,2.0,0.0,20.0,0.5,0.6,7.0,3416,38,DEN,9.5,2.0,0.05,0.0,DF,27.0,Defender,9.0,7.0,1.2857142857142858,100.0,34.76190476190476,65.71428571428571,62.38095238095238,95.71428571428572,45.23809523809524,61.904761904761905,32.38095238095238,98.09523809523809,52.38095238095239,,,,,,,,,,,,61.0,34.76190476190476,65.71428571428571,62.38095238095238,95.71428571428572,45.23809523809524,60.8,61.904761904761905,32.38095238095238,98.09523809523809,52.38095238095239,61.2,,,,,,,,,,,,,,,,,,,,,,,5.0,True,4.0,True,,,,,,,,
Joao Gomes,Wolverhampton Wanderers,1.0,39.2,34.9,83.3,2.0,1.0,1.0,,,0.9,53.1,1.0,29.0,1.7,1.0,0.06,0.0,1.7,1.5,0.06,2.2,,,2.0,0.6,18.0,0.3,30.8,0.3,8.0,2.0,34.0,,,6.99,1.0,0.9,3.0,,,2.5,57.8,1.0,1.7,2.0,0.0,20.0,0.7,0.9,11.0,2658,34,BRA,7.7,2.0,0.07,0.0,MF,22.0,Midfielder,10.0,7.0,1.4285714285714286,100.0,97.84946236559139,,25.806451612903224,,,48.38709677419355,47.31182795698925,22.58064516129032,,69.35483870967742,24.019607843137255,20.43010752688172,17.741935483870968,60.215053763440864,,,,,,,43.4,,,,,,,,,,,,97.84946236559139,25.806451612903224,69.35483870967742,64.3,24.019607843137255,20.43010752688172,17.741935483870968,48.38709677419355,60.215053763440864,34.2,,,,,,,,,,,,,,,,,3.0,True,5.0,True,,,,
Joao Palhinha,Fulham,2.7,55.6,36.4,83.0,1.0,1.0,4.0,,,0.4,55.0,1.8,54.0,1.0,1.0,0.03,0.0,3.3,3.7,0.11,1.7,,,4.0,1.5,46.0,0.5,31.1,0.3,9.0,1.0,33.0,,,7.15,1.0,0.4,3.2,,,2.5,49.3,1.0,1.0,4.0,0.0,13.0,0.4,1.5,13.0,2709,33,POR,8.9,4.0,0.13,0.0,MF,28.0,Midfielder,10.0,7.0,1.4285714285714286,100.0,97.84946236559139,,91.39784946236558,,,52.68817204301075,46.236559139784944,82.25806451612904,,79.56989247311827,4.901960784313726,6.989247311827956,17.741935483870968,19.35483870967742,,,,,,,49.9,,,,,,,,,,,,97.84946236559139,91.39784946236558,79.56989247311827,89.6,4.901960784313726,6.989247311827956,17.741935483870968,52.68817204301075,19.35483870967742,20.3,,,,,,,,,,,,,,,,,3.0,True,5.0,True,,,,
Joao Pedro,Brighton and Hove Albion,0.6,58.3,28.2,82.7,9.0,3.0,9.0,,,1.9,48.9,1.1,25.0,4.7,3.0,0.21,0.1,12.0,10.4,0.53,0.8,,,9.0,0.5,11.0,1.1,34.7,0.1,2.0,,,2.0,2.6,7.06,2.0,0.7,1.5,,,0.6,45.2,3.0,4.7,9.0,4.0,38.0,1.7,3.3,2.0,2043,31,BRA,12.0,9.0,0.4,0.0,"FW,MF",21.0,Forward,10.0,7.0,1.4285714285714286,100.0,,,,,,,,,,,72.22222222222221,82.91139240506328,32.91139240506329,81.0126582278481,57.59493670886076,86.07594936708861,84.81012658227847,61.39240506329114,26.582278481012654,40.74074074074074,62.6,,,,,,,,,,,,,,,,,,,,,,57.59493670886076,86.07594936708861,84.81012658227847,61.39240506329114,26.582278481012654,40.74074074074074,59.5,82.91139240506328,32.91139240506329,72.22222222222221,81.0126582278481,67.3,,,,,,,,,6.0,True,4.0,True
Joel Veltman,Brighton and Hove Albion,1.7,46.2,39.1,84.9,1.0,1.0,,,,0.1,16.7,3.0,52.0,0.6,1.0,0.03,0.1,0.5,0.9,0.03,1.0,,,1.0,1.0,18.0,0.2,60.0,0.4,7.0,,,,,6.72,0.0,0.2,1.8,,,2.3,75.9,1.0,0.6,1.0,0.0,4.0,0.2,0.3,4.0,1582,27,NED,20.0,1.0,0.06,0.0,DF,31.0,Defender,9.0,7.0,1.2857142857142858,100.0,100.0,99.04761904761905,49.523809523809526,60.476190476190474,32.857142857142854,48.57142857142857,60.952380952380956,44.761904761904766,67.61904761904762,,,,,,,,,,,,62.6,100.0,99.04761904761905,49.523809523809526,60.476190476190474,32.857142857142854,68.4,48.57142857142857,60.952380952380956,44.761904761904766,67.61904761904762,55.5,,,,,,,,,,,,,,,,,,,,,,,5.0,True,4.0,True,,,,,,,,
Joel Ward,Crystal Palace,1.7,29.9,27.6,75.7,,,1.0,,,0.4,66.7,3.8,84.0,0.3,1.0,0.01,0.0,0.9,,0.04,1.0,,,,0.6,14.0,,,0.5,10.0,,,,,6.6,0.0,0.2,1.4,,,1.3,62.2,1.0,0.3,,,3.0,0.1,0.5,4.0,1982,26,ENG,0.0,0.0,0.0,0.0,DF,33.0,Defender,9.0,7.0,1.2857142857142858,100.0,69.04761904761905,61.904761904761905,7.142857142857142,70.0,45.23809523809524,21.904761904761905,10.952380952380953,44.761904761904766,8.571428571428571,,,,,,,,,,,,37.7,69.04761904761905,61.904761904761905,7.142857142857142,70.0,45.23809523809524,50.7,21.904761904761905,10.952380952380953,44.761904761904766,8.571428571428571,21.5,,,,,,,,,,,,,,,,,,,,,,,5.0,True,4.0,True,,,,,,,,
Joelinton,Newcastle United,0.8,61.1,36.3,83.9,5.0,1.0,3.0,,,1.2,60.7,0.7,10.0,1.1,1.0,0.08,0.1,3.1,1.9,0.22,2.0,,,2.0,1.3,19.0,0.6,47.4,0.5,7.0,,,,,6.99,0.0,0.9,2.5,,,1.9,69.2,1.0,1.1,2.0,0.0,23.0,1.6,1.3,6.0,1282,20,BRA,10.5,2.0,0.14,0.0,"MF,FW",26.0,Midfielder,10.0,7.0,1.4285714285714286,100.0,91.39784946236558,,83.33333333333334,,,51.61290322580645,50.53763440860215,15.591397849462366,,46.774193548387096,74.50980392156863,33.33333333333333,51.61290322580645,76.34408602150538,,,,,,,57.5,,,,,,,,,,,,91.39784946236558,83.33333333333334,46.774193548387096,73.8,74.50980392156863,33.33333333333333,51.61290322580645,51.61290322580645,76.34408602150538,57.5,,,,,,,,,,,,,,,,,3.0,True,5.0,True,,,,
Johann Berg Gudmundsson,Burnley,2.2,46.8,27.5,78.3,5.0,3.0,3.0,,,0.4,41.7,1.2,16.0,2.5,3.0,0.19,0.2,1.9,1.8,0.14,0.7,,,1.0,1.2,16.0,0.5,40.0,,,,,,,6.67,0.0,0.5,2.1,,,0.3,30.8,3.0,2.5,1.0,0.0,35.0,2.6,1.1,2.0,1191,26,ISL,6.7,1.0,0.08,0.0,"MF,FW",32.0,Midfielder,10.0,7.0,1.4285714285714286,100.0,2.1505376344086025,,73.11827956989248,,,24.731182795698924,17.741935483870968,70.43010752688173,,19.892473118279568,93.62745098039215,82.79569892473118,78.49462365591397,19.35483870967742,,,,,,,48.2,,,,,,,,,,,,2.1505376344086025,73.11827956989248,19.892473118279568,31.7,93.62745098039215,82.79569892473118,78.49462365591397,24.731182795698924,19.35483870967742,59.8,,,,,,,,,,,,,,,,,3.0,True,5.0,True,,,,
John McGinn,Aston Villa,2.2,61.9,28.3,82.7,10.0,4.0,3.0,,,1.6,66.7,0.5,18.0,4.9,4.0,0.15,0.1,5.0,5.2,0.15,1.2,,,6.0,0.6,21.0,0.5,40.0,0.1,4.0,,,,,7.19,1.0,0.7,2.4,,,1.0,59.3,4.0,4.9,6.0,0.0,44.0,1.3,1.2,9.0,3009,35,SCO,15.0,6.0,0.18,1.0,"MF,FW",28.0,Midfielder,10.0,7.0,1.4285714285714286,100.0,37.096774193548384,,25.806451612903224,,,27.956989247311824,43.01075268817204,70.43010752688173,,39.247311827956985,60.29411764705882,70.96774193548387,51.61290322580645,89.24731182795699,,,,,,,51.6,,,,,,,,,,,,37.096774193548384,25.806451612903224,39.247311827956985,34.1,60.29411764705882,70.96774193548387,51.61290322580645,27.956989247311824,89.24731182795699,60.0,,,,,,,,,,,,,,,,,3.0,True,5.0,True,,,,
John Stones,Manchester City,,,,,,,,,,,,,,0.4,0.0,,,1.0,1.1,,,,,,,,,,,,,,,,,,,,,,,,,,1.0,0.0,6.0,0.5,,,1064,16,ENG,,1.0,,0.0,"DF,MF",29.0,Defender,0.0,7.0,0.0,0.0,,,,,,,,,,,,,,,,,,,,,,,,,,,,,,,,,,,,,,,,,,,,,,,,,,,,,,,0.0,False,0.0,False,,,,,,,,
Jonny Evans,Manchester United,1.1,32.1,46.8,87.9,1.0,1.0,,,,0.3,66.7,4.8,74.0,0.3,1.0,0.02,0.1,0.4,0.7,0.03,1.1,,,,1.5,23.0,,,1.2,18.0,,,,,6.85,0.0,0.1,1.4,,,0.9,63.6,1.0,0.3,,,6.0,0.4,0.1,2.0,1396,23,NIR,0.0,0.0,0.0,0.0,DF,35.0,Defender,9.0,7.0,1.2857142857142858,100.0,34.76190476190476,72.38095238095238,91.9047619047619,89.04761904761904,94.76190476190476,66.66666666666666,76.66666666666667,18.571428571428573,16.19047619047619,,,,,,,,,,,,62.3,34.76190476190476,72.38095238095238,91.9047619047619,89.04761904761904,94.76190476190476,76.6,66.66666666666666,76.66666666666667,18.571428571428573,16.19047619047619,44.5,,,,,,,,,,,,,,,,,,,,,,,5.0,True,4.0,True,,,,,,,,
Jordan Ayew,Crystal Palace,0.4,34.4,23.1,80.6,7.0,7.0,4.0,,,1.8,47.7,0.5,13.0,2.7,7.0,0.09,0.2,3.9,3.7,0.14,1.6,,,4.0,0.6,16.0,0.7,41.7,0.1,2.0,,,,,7.0,1.0,0.8,2.4,,,1.3,55.4,7.0,2.7,4.0,0.0,25.0,0.9,1.7,7.0,2549,35,GHA,8.3,4.0,0.14,1.0,"FW,MF",31.0,Forward,10.0,7.0,1.4285714285714286,100.0,,,,,,,,,,,19.753086419753085,34.810126582278485,62.65822784810127,75.9493670886076,8.860759493670885,4.430379746835443,10.126582278481013,15.18987341772152,51.89873417721519,14.814814814814813,29.8,,,,,,,,,,,,,,,,,,,,,,8.860759493670885,4.430379746835443,10.126582278481013,15.18987341772152,51.89873417721519,14.814814814814813,17.6,34.810126582278485,62.65822784810127,19.753086419753085,75.9493670886076,48.3,,,,,,,,,6.0,True,4.0,True
Jordan Beyer,Burnley,,,,,1.0,1.0,,,,,,,,0.2,1.0,,,0.6,,,,,,,,,,,,,,,,,,,,,,,,,1.0,0.2,,,3.0,0.2,,,1238,15,GER,,0.0,,0.0,DF,23.0,Defender,0.0,7.0,0.0,0.0,,,,,,,,,,,,,,,,,,,,,,,,,,,,,,,,,,,,,,,,,,,,,,,,,,,,,,,0.0,False,0.0,False,,,,,,,,
Jordan Clark,Luton Town,1.7,51.0,24.7,74.1,3.0,1.0,,,,0.8,33.3,1.0,14.0,1.2,1.0,0.08,0.1,1.0,1.0,0.07,1.0,,,1.0,0.8,11.0,0.3,23.5,0.2,3.0,,,,,6.58,1.0,0.3,1.9,,,1.2,56.7,1.0,1.2,1.0,0.0,12.0,0.8,1.2,4.0,1306,23,ENG,5.9,1.0,0.07,0.0,MF,29.0,Midfielder,10.0,7.0,1.4285714285714286,100.0,54.3010752688172,,45.69892473118279,,,18.27956989247312,7.526881720430108,54.83870967741935,,12.903225806451612,29.901960784313726,33.33333333333333,51.61290322580645,52.1505376344086,,,,,,,36.1,,,,,,,,,,,,54.3010752688172,45.69892473118279,12.903225806451612,37.6,29.901960784313726,33.33333333333333,51.61290322580645,18.27956989247312,52.1505376344086,37.1,,,,,,,,,,,,,,,,,3.0,True,5.0,True,,,,
Jordan Pickford,Everton,,,22.3,59.4,,,,13.0,51.0,0.0,100.0,0.9,34.0,0.4,0.0,0.01,0.0,,,,0.0,1.3,51.0,,,,,,,,1.0,38.0,,,6.94,3.0,,,3.2,121.0,,,,,,,4.0,0.1,,5.0,3420,38,ENG,,,,0.0,GK,29.0,Goalkeeper,,,,,,,,,,,,,,,,,,,,,,,,,,,,,,,,,,,,,,,,,,,,,,,,,,,,,,,,,,,,,,,,,,,,,,
Jorginho,Arsenal,3.7,71.7,68.3,90.2,2.0,2.0,,,,0.2,40.0,0.7,7.0,2.1,2.0,0.21,0.2,0.1,,0.01,0.9,,,,1.2,12.0,,,0.1,1.0,,,,,,,0.3,3.4,,,1.0,41.7,2.0,2.1,,,10.0,1.0,0.4,1.0,919,24,ITA,0.0,0.0,0.0,0.0,MF,31.0,Midfielder,10.0,7.0,1.4285714285714286,100.0,37.096774193548384,,73.11827956989248,,,92.47311827956989,88.70967741935483,93.54838709677419,,84.94623655913979,44.11764705882353,87.63440860215054,78.49462365591397,7.526881720430108,,,,,,,68.8,,,,,,,,,,,,37.096774193548384,73.11827956989248,84.94623655913979,65.1,44.11764705882353,87.63440860215054,78.49462365591397,92.47311827956989,7.526881720430108,62.0,,,,,,,,,,,,,,,,,3.0,True,5.0,True,,,,
Joseph Gomez,Liverpool,2.4,58.5,50.1,86.2,2.0,1.0,,,,0.8,55.6,2.3,45.0,1.1,1.0,0.06,0.1,0.8,0.3,0.04,1.4,,,,1.0,19.0,0.1,10.5,0.2,4.0,,,,,6.98,0.0,0.4,2.7,,,1.6,66.0,1.0,1.1,,,22.0,1.1,1.0,5.0,1779,32,ENG,0.0,0.0,0.0,0.0,DF,26.0,Defender,9.0,7.0,1.2857142857142858,100.0,87.61904761904762,80.95238095238095,49.523809523809526,28.095238095238095,10.476190476190476,69.52380952380952,65.23809523809524,68.57142857142857,87.61904761904762,,,,,,,,,,,,60.8,87.61904761904762,80.95238095238095,49.523809523809526,28.095238095238095,10.476190476190476,51.3,69.52380952380952,65.23809523809524,68.57142857142857,87.61904761904762,72.7,,,,,,,,,,,,,,,,,,,,,,,5.0,True,4.0,True,,,,,,,,
Josh Brownhill,Burnley,1.8,45.4,33.0,80.3,,,1.0,,,0.3,53.8,1.6,40.0,2.1,2.0,0.08,0.1,1.9,2.6,0.08,1.5,,,4.0,1.4,34.0,0.4,39.3,0.3,8.0,1.0,33.0,,,6.97,0.0,0.5,2.8,,,1.4,57.4,2.0,2.1,4.0,0.0,34.0,1.4,1.1,4.0,2251,33,ENG,14.3,4.0,0.16,1.0,MF,27.0,Midfielder,10.0,7.0,1.4285714285714286,100.0,70.43010752688173,,89.24731182795699,,,42.473118279569896,29.03225806451613,59.67741935483871,,57.52688172043011,65.68627450980392,33.33333333333333,51.61290322580645,12.365591397849462,,,,,,,51.1,,,,,,,,,,,,70.43010752688173,89.24731182795699,57.52688172043011,72.4,65.68627450980392,33.33333333333333,51.61290322580645,42.473118279569896,12.365591397849462,41.1,,,,,,,,,,,,,,,,,3.0,True,5.0,True,,,,
Josh Cullen,Burnley,1.5,43.8,50.8,86.7,3.0,3.0,,,,0.1,37.5,1.0,24.0,2.3,3.0,0.1,0.1,0.6,0.9,0.03,1.0,,,2.0,0.7,15.0,0.2,31.3,0.8,19.0,,,,,7.13,0.0,0.6,3.7,,,1.3,69.0,3.0,2.3,2.0,0.0,26.0,1.1,0.7,9.0,2059,25,IRL,12.5,2.0,0.09,0.0,MF,27.0,Midfielder,10.0,7.0,1.4285714285714286,100.0,61.82795698924731,,35.483870967741936,,,75.26881720430107,66.66666666666666,47.8494623655914,,91.39784946236558,51.470588235294116,47.31182795698925,51.61290322580645,2.6881720430107525,,,,,,,53.2,,,,,,,,,,,,61.82795698924731,35.483870967741936,91.39784946236558,62.9,51.470588235294116,47.31182795698925,51.61290322580645,75.26881720430107,2.6881720430107525,45.7,,,,,,,,,,,,,,,,,3.0,True,5.0,True,,,,
Josko Gvardiol,Manchester City,1.6,63.1,59.1,88.3,2.0,1.0,4.0,,,1.0,65.0,1.0,26.0,2.1,1.0,0.08,0.0,3.2,2.8,0.12,0.8,,,4.0,1.0,27.0,0.5,43.8,0.5,12.0,,,1.0,0.9,7.53,0.0,0.7,2.9,,,1.3,60.0,1.0,2.1,4.0,0.0,18.0,0.7,1.2,3.0,2328,28,CRO,12.5,4.0,0.15,0.0,DF,21.0,Defender,9.0,7.0,1.2857142857142858,100.0,69.04761904761905,49.523809523809526,49.523809523809526,1.9047619047619049,45.23809523809524,84.76190476190476,79.04761904761905,41.42857142857143,94.76190476190476,,,,,,,,,,,,57.2,69.04761904761905,49.523809523809526,49.523809523809526,1.9047619047619049,45.23809523809524,43.0,84.76190476190476,79.04761904761905,41.42857142857143,94.76190476190476,75.0,,,,,,,,,,,,,,,,,,,,,,,5.0,True,4.0,True,,,,,,,,
José Sá,Wolverhampton Wanderers,,,15.8,59.2,,,,4.0,58.0,0.1,100.0,0.9,30.0,0.0,1.0,0.0,0.0,,,,,1.7,58.0,,,,,,,,,,,,6.73,1.0,,,4.0,134.0,,,1.0,0.0,,,1.0,0.0,,,3038,35,POR,,,,0.0,GK,30.0,Goalkeeper,,,,,,,,,,,,,,,,,,,,,,,,,,,,,,,,,,,,,,,,,,,,,,,,,,,,,,,,,,,,,,,,,,,,,,
Julián Álvarez,Manchester City,0.8,70.6,33.1,87.9,7.0,9.0,10.0,,,0.7,47.6,0.4,13.0,6.3,9.0,0.21,0.3,13.1,14.8,0.44,0.8,,,11.0,0.1,2.0,1.4,40.8,,,,,2.0,0.4,7.47,3.0,1.1,1.3,,,0.4,54.2,9.0,6.3,11.0,2.0,67.0,2.3,3.3,2.0,2657,36,ARG,11.2,11.0,0.37,0.0,"MF,FW",23.0,Midfielder,10.0,7.0,1.4285714285714286,100.0,5.376344086021505,,1.6129032258064515,,,44.086021505376344,76.34408602150538,15.591397849462366,,2.6881720430107525,88.72549019607843,87.63440860215054,92.47311827956989,44.086021505376344,,,,,,,45.9,,,,,,,,,,,,5.376344086021505,1.6129032258064515,2.6881720430107525,3.2,88.72549019607843,87.63440860215054,92.47311827956989,44.086021505376344,44.086021505376344,71.4,,,,,,,,,,,,,,,,,3.0,True,5.0,True,,,,
Justin Kluivert,Bournemouth,0.6,52.2,12.8,72.4,1.0,1.0,7.0,,,1.1,36.9,0.5,10.0,1.7,1.0,0.08,0.0,6.2,6.3,0.29,2.4,,,7.0,0.4,8.0,0.9,35.7,0.0,1.0,,,,,6.7,0.0,0.9,2.0,,,0.7,50.0,1.0,1.7,7.0,0.0,21.0,1.0,2.6,5.0,1934,32,NED,12.5,7.0,0.33,0.0,"MF,FW",24.0,Midfielder,10.0,7.0,1.4285714285714286,100.0,16.129032258064516,,9.13978494623656,,,2.1505376344086025,4.301075268817205,12.365591397849462,,16.129032258064516,44.11764705882353,33.33333333333333,17.741935483870968,69.89247311827957,,,,,,,22.5,,,,,,,,,,,,16.129032258064516,9.13978494623656,16.129032258064516,13.8,44.11764705882353,33.33333333333333,17.741935483870968,2.1505376344086025,69.89247311827957,33.4,,,,,,,,,,,,,,,,,3.0,True,5.0,True,,,,
Jérémy Doku,Manchester City,0.8,100.0,38.2,86.0,5.0,8.0,1.0,,,4.9,57.6,0.1,2.0,5.9,8.0,0.33,0.5,2.5,3.3,0.14,0.8,,,3.0,0.5,9.0,1.1,34.5,,,,,2.0,1.9,7.32,4.0,1.0,1.8,,,1.2,56.4,8.0,5.9,3.0,0.0,45.0,2.5,3.1,3.0,1593,29,BEL,5.5,3.0,0.17,0.0,"FW,MF",21.0,Forward,10.0,7.0,1.4285714285714286,100.0,,,,,,,,,,,97.53086419753086,97.46835443037975,98.73417721518987,100.0,11.39240506329114,4.430379746835443,75.31645569620254,61.39240506329114,24.68354430379747,3.7037037037037033,57.5,,,,,,,,,,,,,,,,,,,,,,11.39240506329114,4.430379746835443,75.31645569620254,61.39240506329114,24.68354430379747,3.7037037037037033,30.2,97.46835443037975,98.73417721518987,97.53086419753086,100.0,98.4,,,,,,,,,6.0,True,4.0,True
Kai Havertz,Arsenal,0.3,47.1,25.8,81.1,8.0,7.0,13.0,,,0.5,45.7,0.8,22.0,4.3,7.0,0.15,0.2,12.3,11.2,0.42,1.7,,,13.0,0.7,20.0,1.0,40.6,0.0,1.0,,,1.0,1.5,7.3,4.0,0.9,1.9,,,0.5,42.9,7.0,4.3,13.0,1.0,46.0,1.6,2.4,11.0,2639,37,GER,18.8,13.0,0.44,0.0,"MF,FW",24.0,Midfielder,10.0,7.0,1.4285714285714286,100.0,8.60215053763441,,35.483870967741936,,,22.58064516129032,34.40860215053764,2.1505376344086025,,12.903225806451612,74.50980392156863,70.96774193548387,78.49462365591397,27.956989247311824,,,,,,,36.8,,,,,,,,,,,,8.60215053763441,35.483870967741936,12.903225806451612,19.0,74.50980392156863,70.96774193548387,78.49462365591397,22.58064516129032,27.956989247311824,54.9,,,,,,,,,,,,,,,,,3.0,True,5.0,True,,,,
Kaoru Mitoma,Brighton and Hove Albion,0.3,45.5,30.1,83.4,6.0,4.0,6.0,,,2.4,47.0,0.7,11.0,3.6,4.0,0.21,0.2,3.5,5.3,0.21,0.8,,,3.0,0.3,5.0,0.9,44.1,0.1,1.0,,,,,7.23,1.0,0.8,2.2,,,0.4,46.2,4.0,3.6,3.0,0.0,25.0,1.5,2.1,4.0,1488,19,JPN,8.8,3.0,0.18,0.0,FW,26.0,Forward,10.0,7.0,1.4285714285714286,100.0,,,,,,,,,,,65.4320987654321,82.91139240506328,62.65822784810127,94.9367088607595,13.924050632911392,22.78481012658228,29.746835443037973,37.9746835443038,68.35443037974683,17.28395061728395,49.6,,,,,,,,,,,,,,,,,,,,,,13.924050632911392,22.78481012658228,29.746835443037973,37.9746835443038,68.35443037974683,17.28395061728395,31.7,82.91139240506328,62.65822784810127,65.4320987654321,94.9367088607595,76.5,,,,,,,,,6.0,True,4.0,True
Keane Lewis-Potter,Brentford,0.6,33.3,17.3,77.4,3.0,1.0,12.0,,,1.3,38.9,1.2,20.0,2.0,1.0,0.12,0.1,6.3,6.4,0.4,0.6,,,3.0,0.4,7.0,1.4,51.2,0.1,2.0,,,,,6.63,0.0,0.6,1.6,,,0.4,41.2,1.0,2.0,3.0,0.0,13.0,0.8,2.7,0.0,1441,30,ENG,7.0,3.0,0.19,,"FW,DF",22.0,Forward,10.0,7.0,1.4285714285714286,100.0,,,,,,,,,,,14.19753086419753,48.734177215189874,32.91139240506329,50.0,17.72151898734177,66.45569620253164,63.92405063291139,85.44303797468355,86.70886075949366,8.641975308641975,47.5,,,,,,,,,,,,,,,,,,,,,,17.72151898734177,66.45569620253164,63.92405063291139,85.44303797468355,86.70886075949366,8.641975308641975,54.8,48.734177215189874,32.91139240506329,14.19753086419753,50.0,36.5,,,,,,,,,6.0,True,4.0,True
Kevin De Bruyne,Manchester City,,,,,21.0,10.0,1.0,,,,,,,7.1,10.0,,,2.4,4.0,,,,,,,,,,,,,,,,,,,,,,,,10.0,7.1,4.0,0.0,59.0,4.3,,,1227,18,BEL,9.1,4.0,,0.0,MF,32.0,Midfielder,1.0,7.0,0.14285714285714285,10.0,,,,,,,,,,,100.0,,,,,,,,,,,,,,,,,,,,,,,,,,100.0,,,,,,,,,,,,,,,,,,,,,,0.0,False,1.0,False,,,,
Kieran Trippier,Newcastle United,3.2,44.6,54.9,79.7,13.0,10.0,,,,0.6,72.7,1.9,47.0,7.1,10.0,0.28,0.4,0.7,1.2,0.03,1.1,,,1.0,1.0,24.0,0.1,25.0,0.3,8.0,,,,,7.35,4.0,0.5,2.6,,,1.1,47.4,10.0,7.1,1.0,0.0,65.0,2.6,0.3,5.0,2240,28,ENG,12.5,1.0,0.04,0.0,DF,32.0,Defender,9.0,7.0,1.2857142857142858,100.0,52.85714285714286,5.714285714285714,49.523809523809526,15.714285714285714,20.952380952380953,76.19047619047619,36.666666666666664,80.95238095238095,64.76190476190476,,,,,,,,,,,,44.8,52.85714285714286,5.714285714285714,49.523809523809526,15.714285714285714,20.952380952380953,29.0,76.19047619047619,36.666666666666664,80.95238095238095,64.76190476190476,64.6,,,,,,,,,,,,,,,,,,,,,,,5.0,True,4.0,True,,,,,,,,
Kobbie Mainoo,Manchester United,1.0,52.5,34.7,86.7,,,,,,1.4,58.5,1.3,27.0,1.6,1.0,0.08,0.0,0.9,1.7,0.04,0.7,,,3.0,1.0,22.0,0.2,45.5,0.6,12.0,,,,,6.95,0.0,0.3,2.6,,,1.3,57.4,1.0,1.6,3.0,0.0,15.0,0.7,0.5,3.0,1939,24,ENG,27.3,3.0,0.14,0.0,MF,18.0,Midfielder,10.0,7.0,1.4285714285714286,100.0,61.82795698924731,,58.06451612903226,,,47.31182795698925,66.66666666666666,22.58064516129032,,52.1505376344086,24.019607843137255,33.33333333333333,17.741935483870968,85.48387096774194,,,,,,,46.9,,,,,,,,,,,,61.82795698924731,58.06451612903226,52.1505376344086,57.3,24.019607843137255,33.33333333333333,17.741935483870968,47.31182795698925,85.48387096774194,41.6,,,,,,,,,,,,,,,,,3.0,True,5.0,True,,,,
Konstantinos Mavropanos,West Ham United,2.4,33.9,28.8,76.7,,,1.0,,,0.1,50.0,4.7,78.0,0.1,0.0,0.01,0.0,1.4,0.6,0.08,0.9,,,1.0,1.4,23.0,0.2,25.0,0.8,13.0,,,,,,,0.1,1.8,,,1.0,57.1,,,1.0,0.0,3.0,0.2,0.7,2.0,1501,19,GRE,8.3,1.0,0.06,0.0,DF,25.0,Defender,9.0,7.0,1.2857142857142858,100.0,44.285714285714285,33.80952380952381,85.23809523809524,87.14285714285714,70.47619047619048,25.71428571428571,16.666666666666664,68.57142857142857,22.857142857142858,,,,,,,,,,,,50.5,44.285714285714285,33.80952380952381,85.23809523809524,87.14285714285714,70.47619047619048,64.2,25.71428571428571,16.666666666666664,68.57142857142857,22.857142857142858,33.5,,,,,,,,,,,,,,,,,,,,,,,5.0,True,4.0,True,,,,,,,,
Kristoffer Vassbakk Ajer,Brentford,1.5,36.0,26.9,75.9,5.0,1.0,,,,0.5,83.3,3.8,78.0,2.7,1.0,0.13,0.0,1.3,1.4,0.06,1.2,,,2.0,1.2,25.0,0.2,33.3,0.5,11.0,,,,,6.69,0.0,0.0,1.0,,,1.0,55.3,1.0,2.7,2.0,0.0,12.0,0.6,0.6,5.0,1833,28,NOR,16.7,2.0,0.1,0.0,DF,25.0,Defender,9.0,7.0,1.2857142857142858,100.0,44.285714285714285,27.61904761904762,71.9047619047619,70.0,45.23809523809524,20.952380952380953,12.857142857142856,35.23809523809524,27.61904761904762,,,,,,,,,,,,39.5,44.285714285714285,27.61904761904762,71.9047619047619,70.0,45.23809523809524,51.8,20.952380952380953,12.857142857142856,35.23809523809524,27.61904761904762,24.2,,,,,,,,,,,,,,,,,,,,,,,5.0,True,4.0,True,,,,,,,,
Kurt Zouma,West Ham United,2.2,39.7,30.4,83.9,,,,,,0.1,66.7,5.0,158.0,0.1,0.0,0.0,0.0,1.8,2.5,0.06,0.8,,,3.0,0.9,29.0,0.2,43.8,0.9,28.0,1.0,33.0,,,6.54,0.0,,,,,0.5,73.9,,,3.0,0.0,4.0,0.1,0.5,3.0,2838,33,FRA,18.8,3.0,0.1,0.0,DF,28.0,Defender,9.0,7.0,1.2857142857142858,100.0,2.380952380952381,98.09523809523809,35.23809523809524,92.85714285714286,78.57142857142857,29.523809523809526,56.19047619047619,62.857142857142854,45.714285714285715,,,,,,,,,,,,55.7,2.380952380952381,98.09523809523809,35.23809523809524,92.85714285714286,78.57142857142857,61.4,29.523809523809526,56.19047619047619,62.857142857142854,45.714285714285715,48.6,,,,,,,,,,,,,,,,,,,,,,,5.0,True,4.0,True,,,,,,,,
Kyle Walker,Manchester City,2.5,56.5,62.8,90.4,7.0,4.0,,,,0.7,65.6,1.1,35.0,3.2,4.0,0.11,0.1,0.4,0.2,0.01,0.7,,,,0.9,27.0,0.1,18.8,0.2,6.0,,,,,7.36,0.0,0.4,2.2,,,0.8,63.2,4.0,3.2,,,25.0,0.8,0.5,2.0,2767,32,ENG,0.0,0.0,0.0,0.0,DF,33.0,Defender,9.0,7.0,1.2857142857142858,100.0,24.761904761904763,69.52380952380952,35.23809523809524,3.8095238095238098,10.476190476190476,85.71428571428571,86.66666666666667,71.42857142857143,86.66666666666667,,,,,,,,,,,,52.7,24.761904761904763,69.52380952380952,35.23809523809524,3.8095238095238098,10.476190476190476,28.8,85.71428571428571,86.66666666666667,71.42857142857143,86.66666666666667,82.6,,,,,,,,,,,,,,,,,,,,,,,5.0,True,4.0,True,,,,,,,,
Leandro Trossard,Arsenal,1.0,56.3,26.1,78.7,3.0,1.0,7.0,,,1.4,61.0,0.3,5.0,3.2,1.0,0.17,0.1,7.9,10.6,0.43,0.8,,,12.0,0.4,8.0,1.2,36.7,0.1,1.0,,,1.0,1.1,7.01,1.0,0.7,3.1,,,0.9,59.3,1.0,3.2,12.0,0.0,24.0,1.3,3.3,2.0,1646,34,BEL,20.0,12.0,0.66,0.0,"FW,MF",28.0,Forward,10.0,7.0,1.4285714285714286,100.0,,,,,,,,,,,55.55555555555556,68.9873417721519,32.91139240506329,54.43037974683544,90.50632911392405,73.41772151898735,84.81012658227847,70.88607594936708,31.645569620253166,83.9506172839506,64.7,,,,,,,,,,,,,,,,,,,,,,90.50632911392405,73.41772151898735,84.81012658227847,70.88607594936708,31.645569620253166,83.9506172839506,72.5,68.9873417721519,32.91139240506329,55.55555555555556,54.43037974683544,53.0,,,,,,,,,6.0,True,4.0,True
Leon Bailey,Aston Villa,1.2,65.9,23.8,78.2,12.0,9.0,1.0,,,2.5,53.3,0.2,4.0,7.3,9.0,0.32,0.4,6.3,6.2,0.27,1.1,,,10.0,0.4,9.0,0.8,34.0,0.0,1.0,,,,,7.14,4.0,0.6,1.5,,,0.3,53.8,9.0,7.3,10.0,0.0,52.0,2.3,2.3,5.0,2072,35,JAM,18.9,10.0,0.43,0.0,"MF,FW",25.0,Midfielder,10.0,7.0,1.4285714285714286,100.0,2.1505376344086025,,9.13978494623656,,,16.129032258064516,16.129032258064516,31.182795698924732,,4.838709677419355,88.72549019607843,99.46236559139786,98.38709677419355,97.84946236559139,,,,,,,46.4,,,,,,,,,,,,2.1505376344086025,9.13978494623656,4.838709677419355,5.4,88.72549019607843,99.46236559139786,98.38709677419355,16.129032258064516,97.84946236559139,80.1,,,,,,,,,,,,,,,,,3.0,True,5.0,True,,,,
Levi Colwill,Chelsea,2.2,38.4,43.9,83.4,3.0,1.0,,,,0.5,69.2,3.2,64.0,0.5,1.0,0.03,0.1,1.3,1.7,0.06,1.3,,,1.0,1.3,26.0,0.2,27.3,0.5,10.0,,,,,7.1,2.0,0.2,1.7,,,1.5,62.5,1.0,0.5,1.0,0.0,7.0,0.4,0.6,2.0,1798,23,ENG,9.1,1.0,0.05,0.0,DF,20.0,Defender,9.0,7.0,1.2857142857142858,100.0,83.33333333333334,65.71428571428571,79.04761904761905,64.28571428571429,45.23809523809524,59.04761904761905,53.80952380952381,62.857142857142854,39.04761904761905,,,,,,,,,,,,61.4,83.33333333333334,65.71428571428571,79.04761904761905,64.28571428571429,45.23809523809524,67.5,59.04761904761905,53.80952380952381,62.857142857142854,39.04761904761905,53.7,,,,,,,,,,,,,,,,,,,,,,,5.0,True,4.0,True,,,,,,,,
Lewis Cook,Bournemouth,1.6,38.3,35.2,81.2,3.0,3.0,,,,0.7,60.0,1.4,43.0,3.0,3.0,0.1,0.1,0.4,0.4,0.01,1.3,,,,2.1,65.0,0.1,33.3,0.4,11.0,,,,,7.1,2.0,0.7,3.4,,,1.3,67.2,3.0,3.0,,,46.0,1.5,0.4,5.0,2792,33,ENG,0.0,0.0,0.0,1.0,MF,26.0,Midfielder,10.0,7.0,1.4285714285714286,100.0,61.82795698924731,,100.0,,,49.46236559139785,36.02150537634409,51.61290322580645,,84.94623655913979,69.6078431372549,47.31182795698925,51.61290322580645,44.086021505376344,,,,,,,59.6,,,,,,,,,,,,61.82795698924731,100.0,84.94623655913979,82.3,69.6078431372549,47.31182795698925,51.61290322580645,49.46236559139785,44.086021505376344,52.4,,,,,,,,,,,,,,,,,3.0,True,5.0,True,,,,
Lewis Dunk,Brighton and Hove Albion,4.7,55.2,93.1,92.5,1.0,1.0,1.0,,,0.2,71.4,2.8,88.0,2.2,1.0,0.07,0.0,3.1,3.6,0.1,0.7,,,3.0,1.0,31.0,0.4,36.4,1.2,37.0,1.0,33.0,,,6.91,0.0,,,,,0.4,51.9,1.0,2.2,3.0,0.0,13.0,0.4,1.0,7.0,2872,33,ENG,9.1,3.0,0.09,1.0,DF,31.0,Defender,9.0,7.0,1.2857142857142858,100.0,0.9523809523809524,15.238095238095239,49.523809523809526,51.42857142857142,94.76190476190476,100.0,92.85714285714286,95.23809523809523,83.80952380952381,,,,,,,,,,,,64.9,0.9523809523809524,15.238095238095239,49.523809523809526,51.42857142857142,94.76190476190476,42.4,100.0,92.85714285714286,95.23809523809523,83.80952380952381,93.0,,,,,,,,,,,,,,,,,,,,,,,5.0,True,4.0,True,,,,,,,,
Lewis Miley,Newcastle United,,,,,3.0,3.0,1.0,,,,,,,1.4,3.0,,,1.2,1.0,,,,,,,,,,,,,,,,,,,,,,,,3.0,1.4,1.0,0.0,12.0,0.9,,,1205,17,ENG,7.7,1.0,,0.0,MF,17.0,Midfielder,1.0,7.0,0.14285714285714285,10.0,,,,,,,,,,,35.78431372549019,,,,,,,,,,,,,,,,,,,,,,,,,,35.78431372549019,,,,,,,,,,,,,,,,,,,,,,0.0,False,1.0,False,,,,
Lloyd Kelly,Bournemouth,3.2,36.2,34.6,77.6,2.0,1.0,1.0,,,0.1,100.0,3.4,59.0,0.8,1.0,0.05,0.1,0.3,0.7,0.02,1.0,,,,0.8,13.0,0.1,25.0,0.7,12.0,1.0,23.0,,,6.67,1.0,0.3,3.1,,,1.1,79.2,1.0,0.8,,,9.0,0.5,0.2,2.0,1556,23,ENG,0.0,0.0,0.0,0.0,DF,24.0,Defender,9.0,7.0,1.2857142857142858,100.0,52.85714285714286,100.0,22.857142857142858,66.19047619047619,62.38095238095238,40.0,24.285714285714285,80.95238095238095,29.04761904761905,,,,,,,,,,,,53.2,52.85714285714286,100.0,22.857142857142858,66.19047619047619,62.38095238095238,60.9,40.0,24.285714285714285,80.95238095238095,29.04761904761905,43.6,,,,,,,,,,,,,,,,,,,,,,,5.0,True,4.0,True,,,,,,,,
Lorenz Assignon,Burnley,,,,,3.0,2.0,,,,,,,,1.6,2.0,,,0.4,0.8,,,,,,,,,,,,2.0,15.0,,,,,,,,,,,2.0,1.6,1.0,0.0,13.0,0.9,,3.0,1237,15,FRA,,1.0,,1.0,DF,23.0,Defender,0.0,7.0,0.0,0.0,,,,,,,,,,,,,,,,,,,,,,,,,,,,,,,,,,,,,,,,,,,,,,,,,,,,,,,0.0,False,0.0,False,,,,,,,,
Luca Koleosho,Burnley,,,,,2.0,1.0,3.0,,,,,,,1.1,1.0,,,2.0,0.6,,,,,,,,,,,,,,1.0,1.2,,,,,,,,,1.0,1.1,1.0,0.0,11.0,1.0,,,984,15,USA,4.4,1.0,,,"MF,FW",18.0,Midfielder,1.0,7.0,0.14285714285714285,10.0,,,,,,,,,,,44.11764705882353,,,,,,,,,,,,,,,,,,,,,,,,,,44.11764705882353,,,,,,,,,,,,,,,,,,,,,,0.0,False,1.0,False,,,,
Lucas Digne,Aston Villa,0.8,36.2,30.8,81.4,5.0,3.0,,,,0.4,38.5,2.3,61.0,3.6,3.0,0.13,0.1,1.1,1.3,0.04,1.1,,,1.0,1.0,26.0,0.1,20.0,0.1,2.0,,,,,6.86,0.0,0.3,0.9,,,0.7,40.4,3.0,3.6,1.0,0.0,38.0,1.4,0.7,7.0,2410,33,FRA,5.0,1.0,0.04,0.0,DF,30.0,Defender,9.0,7.0,1.2857142857142858,100.0,13.333333333333334,0.9523809523809524,49.523809523809526,28.095238095238095,2.857142857142857,30.476190476190478,43.80952380952381,5.714285714285714,29.04761904761905,,,,,,,,,,,,22.6,13.333333333333334,0.9523809523809524,49.523809523809526,28.095238095238095,2.857142857142857,19.0,30.476190476190478,43.80952380952381,5.714285714285714,29.04761904761905,27.3,,,,,,,,,,,,,,,,,,,,,,,5.0,True,4.0,True,,,,,,,,
Lucas Paquetá,West Ham United,2.4,53.0,36.3,75.2,12.0,6.0,3.0,,,1.4,58.6,0.9,25.0,5.1,6.0,0.17,0.2,5.4,3.7,0.18,1.6,,,4.0,0.7,21.0,0.4,26.2,0.0,1.0,,,,,7.31,4.0,1.0,2.5,,,1.6,67.6,6.0,5.1,4.0,2.0,43.0,1.5,1.4,10.0,2634,31,BRA,9.5,4.0,0.14,0.0,"FW,MF",25.0,Forward,10.0,7.0,1.4285714285714286,100.0,,,,,,,,,,,65.4320987654321,68.9873417721519,62.65822784810127,54.43037974683544,8.860759493670885,12.658227848101266,3.1645569620253164,1.89873417721519,6.962025316455696,24.074074074074073,30.9,,,,,,,,,,,,,,,,,,,,,,8.860759493670885,12.658227848101266,3.1645569620253164,1.89873417721519,6.962025316455696,24.074074074074073,9.6,68.9873417721519,62.65822784810127,65.4320987654321,54.43037974683544,62.9,,,,,,,,,6.0,True,4.0,True
Luis Diaz,Liverpool,1.5,78.6,29.6,85.3,5.0,5.0,13.0,,,2.3,54.0,0.2,7.0,4.7,5.0,0.16,0.2,11.9,8.8,0.4,1.8,,,8.0,0.1,3.0,1.1,34.0,,,,,1.0,1.4,7.31,2.0,0.8,2.0,,,0.9,71.4,5.0,4.7,8.0,0.0,64.0,2.2,3.2,3.0,2646,37,COL,8.5,8.0,0.27,0.0,FW,26.0,Forward,10.0,7.0,1.4285714285714286,100.0,,,,,,,,,,,88.88888888888889,64.55696202531645,62.65822784810127,93.0379746835443,37.9746835443038,66.45569620253164,79.11392405063292,61.39240506329114,20.253164556962027,16.049382716049383,59.0,,,,,,,,,,,,,,,,,,,,,,37.9746835443038,66.45569620253164,79.11392405063292,61.39240506329114,20.253164556962027,16.049382716049383,46.9,64.55696202531645,62.65822784810127,88.88888888888889,93.0379746835443,77.3,,,,,,,,,6.0,True,4.0,True
Luke Shaw,Manchester United,,,,,1.0,0.0,,,,,,,,0.9,0.0,,,0.0,,,,,,,,,,,,,,,,,,,,,,,,,,,,,13.0,1.2,,,962,12,ENG,,0.0,,0.0,DF,28.0,Defender,0.0,7.0,0.0,0.0,,,,,,,,,,,,,,,,,,,,,,,,,,,,,,,,,,,,,,,,,,,,,,,,,,,,,,,0.0,False,0.0,False,,,,,,,,
Luke Thomas,Sheffield United,,,,,,,1.0,,,,,,,0.2,0.0,,,0.5,0.7,,,,,,,,,,,,,,,,,,,,,,,,,,,,2.0,0.2,,,918,12,ENG,0.0,0.0,,0.0,DF,22.0,Defender,0.0,7.0,0.0,0.0,,,,,,,,,,,,,,,,,,,,,,,,,,,,,,,,,,,,,,,,,,,,,,,,,,,,,,,0.0,False,0.0,False,,,,,,,,
Lyle Foster,Burnley,0.5,76.9,14.5,68.1,1.0,3.0,6.0,,,0.9,51.4,1.6,33.0,1.3,3.0,0.06,0.1,4.5,6.2,0.21,1.1,,,5.0,0.1,3.0,0.8,50.0,0.1,3.0,,,,,6.63,0.0,0.4,1.2,,,0.5,52.6,3.0,1.3,5.0,0.0,19.0,0.9,1.6,0.0,1906,24,RSA,14.7,5.0,0.24,1.0,"FW,MF",22.0,Forward,10.0,7.0,1.4285714285714286,100.0,,,,,,,,,,,19.753086419753085,17.72151898734177,32.91139240506329,24.68354430379747,29.11392405063291,22.78481012658228,6.962025316455696,25.949367088607595,84.17721518987342,55.55555555555556,32.0,,,,,,,,,,,,,,,,,,,,,,29.11392405063291,22.78481012658228,6.962025316455696,25.949367088607595,84.17721518987342,55.55555555555556,37.4,17.72151898734177,32.91139240506329,19.753086419753085,24.68354430379747,23.8,,,,,,,,,6.0,True,4.0,True
Mads Roerslev,Brentford,1.0,29.3,18.9,68.9,3.0,2.0,1.0,,,0.5,42.3,2.8,61.0,1.4,2.0,0.06,0.1,0.9,1.0,0.04,0.5,,,1.0,0.9,19.0,0.0,14.3,0.1,3.0,,,,,6.58,0.0,0.2,0.9,,,1.4,64.6,2.0,1.4,1.0,0.0,15.0,0.7,0.3,1.0,1987,34,DEN,14.3,1.0,0.05,0.0,DF,24.0,Defender,9.0,7.0,1.2857142857142858,100.0,77.61904761904762,76.19047619047619,35.23809523809524,51.42857142857142,2.857142857142857,1.9047619047619049,0.9523809523809524,13.333333333333334,7.6190476190476195,,,,,,,,,,,,29.7,77.61904761904762,76.19047619047619,35.23809523809524,51.42857142857142,2.857142857142857,48.7,1.9047619047619049,0.9523809523809524,13.333333333333334,7.6190476190476195,6.0,,,,,,,,,,,,,,,,,,,,,,,5.0,True,4.0,True,,,,,,,,
Malo Gusto,Chelsea,1.5,61.2,55.7,89.2,8.0,6.0,3.0,,,0.9,45.9,1.9,37.0,3.3,6.0,0.17,0.3,0.9,0.9,0.05,1.1,,,,0.9,17.0,0.3,33.3,0.2,4.0,1.0,27.0,,,7.13,0.0,0.5,2.1,,,1.4,49.1,6.0,3.3,,,32.0,1.6,0.8,7.0,1755,27,FRA,0.0,0.0,0.0,1.0,DF,20.0,Defender,9.0,7.0,1.2857142857142858,100.0,77.61904761904762,10.476190476190476,35.23809523809524,15.714285714285714,10.476190476190476,77.14285714285715,82.85714285714286,35.23809523809524,91.42857142857143,,,,,,,,,,,,48.5,77.61904761904762,10.476190476190476,35.23809523809524,15.714285714285714,10.476190476190476,29.9,77.14285714285715,82.85714285714286,35.23809523809524,91.42857142857143,71.7,,,,,,,,,,,,,,,,,,,,,,,5.0,True,4.0,True,,,,,,,,
Manuel Akanji,Manchester City,2.9,68.1,77.1,93.8,,,2.0,,,0.1,50.0,2.2,61.0,1.8,0.0,0.06,0.0,1.9,1.4,0.07,0.6,,,2.0,0.8,23.0,0.2,33.3,0.4,12.0,,,,,7.31,0.0,0.3,2.3,,,1.0,66.7,,,2.0,0.0,13.0,0.5,0.5,2.0,2513,30,SUI,13.3,2.0,0.07,1.0,"DF,MF",28.0,Defender,9.0,7.0,1.2857142857142858,100.0,44.285714285714285,85.71428571428571,22.857142857142858,23.333333333333332,32.857142857142854,97.14285714285714,97.14285714285714,77.14285714285715,98.09523809523809,,,,,,,,,,,,64.3,44.285714285714285,85.71428571428571,22.857142857142858,23.333333333333332,32.857142857142854,41.8,97.14285714285714,97.14285714285714,77.14285714285715,98.09523809523809,92.4,,,,,,,,,,,,,,,,,,,,,,,5.0,True,4.0,True,,,,,,,,
Marc Cucurella,Chelsea,0.8,27.3,46.2,86.7,1.0,2.0,2.0,,,0.2,36.4,1.7,33.0,1.2,2.0,0.06,0.1,1.1,1.3,0.06,1.2,,,,1.1,22.0,0.2,50.0,0.7,13.0,1.0,21.0,1.0,1.8,6.97,1.0,0.4,1.5,,,1.9,61.3,2.0,1.2,,,19.0,1.0,0.4,10.0,1784,21,ESP,0.0,0.0,0.0,0.0,DF,25.0,Defender,9.0,7.0,1.2857142857142858,100.0,96.19047619047619,56.19047619047619,62.38095238095238,9.523809523809524,62.38095238095238,65.71428571428571,69.52380952380952,5.714285714285714,4.761904761904762,,,,,,,,,,,,48.0,96.19047619047619,56.19047619047619,62.38095238095238,9.523809523809524,62.38095238095238,57.3,65.71428571428571,69.52380952380952,5.714285714285714,4.761904761904762,36.4,,,,,,,,,,,,,,,,,,,,,,,5.0,True,4.0,True,,,,,,,,
Marc Guehi,Crystal Palace,3.8,48.0,50.4,87.2,1.0,1.0,,,,0.3,63.6,3.9,88.0,1.0,1.0,0.04,0.0,0.7,,0.03,0.6,,,,0.8,18.0,,,0.8,17.0,,,,,6.79,0.0,,,,,0.8,67.9,1.0,1.0,,,7.0,0.3,0.2,2.0,2022,25,ENG,0.0,0.0,0.0,0.0,DF,23.0,Defender,9.0,7.0,1.2857142857142858,100.0,24.761904761904763,89.52380952380953,22.857142857142858,73.33333333333333,70.47619047619048,70.47619047619048,72.38095238095238,88.57142857142857,72.38095238095238,,,,,,,,,,,,65.0,24.761904761904763,89.52380952380953,22.857142857142858,73.33333333333333,70.47619047619048,56.2,70.47619047619048,72.38095238095238,88.57142857142857,72.38095238095238,76.0,,,,,,,,,,,,,,,,,,,,,,,5.0,True,4.0,True,,,,,,,,
Marcos Senesi,Bournemouth,5.0,44.2,39.6,78.5,2.0,5.0,,,,0.4,57.9,4.2,105.0,2.6,5.0,0.1,0.2,2.1,2.2,0.08,1.6,,,4.0,1.4,35.0,0.2,30.8,0.9,23.0,,,,,7.2,1.0,0.4,3.0,,,1.3,58.2,5.0,2.6,4.0,0.0,22.0,0.9,0.5,13.0,2247,31,ARG,30.8,4.0,0.16,0.0,DF,26.0,Defender,9.0,7.0,1.2857142857142858,100.0,69.04761904761905,40.95238095238095,85.23809523809524,79.04761904761905,78.57142857142857,49.523809523809526,28.57142857142857,96.66666666666667,62.857142857142854,,,,,,,,,,,,65.6,69.04761904761905,40.95238095238095,85.23809523809524,79.04761904761905,78.57142857142857,70.6,49.523809523809526,28.57142857142857,96.66666666666667,62.857142857142854,59.4,,,,,,,,,,,,,,,,,,,,,,,5.0,True,4.0,True,,,,,,,,
Marcus Rashford,Manchester United,1.0,55.3,21.4,79.2,6.0,2.0,7.0,,,1.9,47.5,0.8,20.0,2.8,2.0,0.11,0.1,7.4,7.1,0.29,0.5,,,7.0,0.2,4.0,0.8,33.9,0.0,1.0,,,1.0,0.8,6.98,0.0,0.6,1.4,,,0.5,63.2,2.0,2.8,7.0,2.0,25.0,1.0,2.4,2.0,2278,33,ENG,11.3,7.0,0.28,0.0,FW,25.0,Forward,10.0,7.0,1.4285714285714286,100.0,,,,,,,,,,,27.77777777777778,43.67088607594937,32.91139240506329,81.0126582278481,40.50632911392405,38.607594936708864,50.63291139240506,25.949367088607595,18.9873417721519,35.80246913580247,39.6,,,,,,,,,,,,,,,,,,,,,,40.50632911392405,38.607594936708864,50.63291139240506,25.949367088607595,18.9873417721519,35.80246913580247,35.1,43.67088607594937,32.91139240506329,27.77777777777778,81.0126582278481,46.3,,,,,,,,,6.0,True,4.0,True
Marcus Tavernier,Bournemouth,1.1,42.6,25.5,79.3,7.0,4.0,3.0,,,1.9,44.4,0.8,19.0,4.2,4.0,0.18,0.2,3.9,4.2,0.17,0.8,,,3.0,0.2,5.0,0.7,30.2,0.1,3.0,,,,,7.08,2.0,0.9,2.4,,,1.4,64.2,4.0,4.2,3.0,0.0,44.0,1.9,2.2,3.0,2129,30,ENG,5.7,3.0,0.13,0.0,FW,24.0,Forward,10.0,7.0,1.4285714285714286,100.0,,,,,,,,,,,81.48148148148148,74.0506329113924,62.65822784810127,81.0126582278481,5.69620253164557,10.759493670886076,38.607594936708864,15.18987341772152,12.025316455696203,6.172839506172839,38.8,,,,,,,,,,,,,,,,,,,,,,5.69620253164557,10.759493670886076,38.607594936708864,15.18987341772152,12.025316455696203,6.172839506172839,14.7,74.0506329113924,62.65822784810127,81.48148148148148,81.0126582278481,74.8,,,,,,,,,6.0,True,4.0,True
Mario Lemina,Wolverhampton Wanderers,1.8,50.4,37.8,86.7,3.0,1.0,4.0,,,0.8,56.8,1.7,56.0,1.3,1.0,0.04,0.0,4.6,4.7,0.14,1.3,,,4.0,1.2,41.0,0.5,37.5,0.3,9.0,,,,,7.18,4.0,0.5,3.0,,,1.8,64.4,1.0,1.3,4.0,0.0,20.0,0.6,1.5,10.0,2974,35,GAB,8.3,4.0,0.12,1.0,MF,29.0,Midfielder,10.0,7.0,1.4285714285714286,100.0,88.17204301075269,,73.11827956989248,,,55.376344086021504,66.66666666666666,59.67741935483871,,69.35483870967742,15.686274509803921,12.903225806451612,17.741935483870968,52.1505376344086,,,,,,,51.1,,,,,,,,,,,,88.17204301075269,73.11827956989248,69.35483870967742,76.9,15.686274509803921,12.903225806451612,17.741935483870968,55.376344086021504,52.1505376344086,30.8,,,,,,,,,,,,,,,,,3.0,True,5.0,True,,,,
Mark Flekken,Brentford,,,27.5,69.4,2.0,1.0,,7.0,63.0,0.1,75.0,1.1,40.0,0.2,1.0,0.0,0.0,,,,0.1,1.7,63.0,,,,,,,,1.0,37.0,,,6.56,1.0,,,3.2,115.0,0.0,100.0,1.0,0.2,,,4.0,0.1,,3.0,3285,37,NED,,,,0.0,GK,30.0,Goalkeeper,,,,,,,,,,,,,,,,,,,,,,,,,,,,,,,,,,,,,,,,,,,,,,,,,,,,,,,,,,,,,,,,,,,,,,
Martin Dubravka,Newcastle United,,,17.2,74.9,,,,4.0,42.0,,,0.7,16.0,0.0,0.0,0.0,0.0,,,,0.1,1.9,42.0,,,,,,,,2.0,23.0,,,6.61,1.0,,,4.0,88.0,,,,,,,1.0,0.0,,1.0,1984,23,SVK,,,,0.0,GK,34.0,Goalkeeper,,,,,,,,,,,,,,,,,,,,,,,,,,,,,,,,,,,,,,,,,,,,,,,,,,,,,,,,,,,,,,,,,,,,,,
Martin Ødegaard,Arsenal,1.3,60.8,47.9,86.8,17.0,10.0,4.0,,,1.1,49.3,0.1,5.0,11.2,10.0,0.32,0.3,7.4,7.0,0.22,0.9,,,8.0,0.4,15.0,0.7,29.9,0.0,1.0,,,1.0,1.0,7.64,4.0,1.2,2.3,,,0.5,34.7,10.0,11.2,8.0,2.0,102.0,3.0,2.2,2.0,3098,35,NOR,10.4,8.0,0.23,0.0,MF,24.0,Midfielder,10.0,7.0,1.4285714285714286,100.0,8.60215053763441,,9.13978494623656,,,67.74193548387096,68.81720430107528,37.634408602150536,,30.64516129032258,97.54901960784314,99.46236559139786,92.47311827956989,69.89247311827957,,,,,,,58.2,,,,,,,,,,,,8.60215053763441,9.13978494623656,30.64516129032258,16.1,97.54901960784314,99.46236559139786,92.47311827956989,67.74193548387096,69.89247311827957,85.4,,,,,,,,,,,,,,,,,3.0,True,5.0,True,,,,
Marvelous Nakamba,Luton Town,,,,,,,,,,,,,,0.5,0.0,,,0.2,,,,,,,,,,,,,,,,,,,,,,,,,,,,,7.0,0.6,,,1134,13,ZIM,,0.0,,0.0,MF,29.0,Midfielder,1.0,7.0,0.14285714285714285,10.0,,,,,,,,,,,15.686274509803921,,,,,,,,,,,,,,,,,,,,,,,,,,15.686274509803921,,,,,,,,,,,,,,,,,,,,,,0.0,False,1.0,False,,,,
Mateo Kovacic,Manchester City,1.2,54.1,83.3,94.1,3.0,0.0,1.0,,,1.2,74.1,0.6,10.0,1.9,0.0,0.11,0.0,1.3,1.1,0.07,1.0,,,1.0,0.6,10.0,0.3,22.7,0.1,1.0,,,,,7.09,0.0,0.6,2.6,,,1.5,69.4,,,1.0,0.0,21.0,1.2,1.3,4.0,1548,30,CRO,4.6,1.0,0.06,0.0,MF,29.0,Midfielder,10.0,7.0,1.4285714285714286,100.0,77.41935483870968,,25.806451612903224,,,97.84946236559139,100.0,31.182795698924732,,52.1505376344086,55.392156862745104,55.376344086021504,17.741935483870968,76.34408602150538,,,,,,,58.9,,,,,,,,,,,,77.41935483870968,25.806451612903224,52.1505376344086,51.8,55.392156862745104,55.376344086021504,17.741935483870968,97.84946236559139,76.34408602150538,60.5,,,,,,,,,,,,,,,,,3.0,True,5.0,True,,,,
Matheus Cunha,Wolverhampton Wanderers,0.7,56.3,23.5,81.6,7.0,7.0,6.0,,,2.3,51.2,0.7,20.0,3.0,7.0,0.11,0.3,9.5,10.5,0.35,1.1,,,12.0,0.5,13.0,1.4,52.1,0.3,7.0,,,1.0,1.8,7.29,4.0,0.8,2.2,,,0.6,53.3,7.0,3.0,12.0,1.0,28.0,1.0,2.7,9.0,2453,32,BRA,16.4,12.0,0.44,0.0,"FW,MF",24.0,Forward,10.0,7.0,1.4285714285714286,100.0,,,,,,,,,,,27.77777777777778,43.67088607594937,81.64556962025317,93.0379746835443,68.9873417721519,55.06329113924051,63.92405063291139,85.44303797468355,89.87341772151899,64.19753086419753,67.4,,,,,,,,,,,,,,,,,,,,,,68.9873417721519,55.06329113924051,63.92405063291139,85.44303797468355,89.87341772151899,64.19753086419753,71.2,43.67088607594937,81.64556962025317,27.77777777777778,93.0379746835443,61.5,,,,,,,,,6.0,True,4.0,True
Mathias Jensen,Brentford,3.3,56.9,31.0,78.6,9.0,3.0,,,,0.7,43.9,1.0,24.0,4.8,3.0,0.19,0.1,0.7,1.1,0.03,1.1,,,3.0,0.9,23.0,0.3,50.0,0.2,6.0,,,1.0,0.8,6.95,1.0,0.6,2.5,,,1.3,59.3,3.0,4.8,3.0,0.0,41.0,1.7,0.6,5.0,2217,32,DEN,21.4,3.0,0.12,0.0,MF,27.0,Midfielder,10.0,7.0,1.4285714285714286,100.0,61.82795698924731,,52.68817204301075,,,36.55913978494624,20.43010752688172,89.24731182795699,,46.774193548387096,78.43137254901961,82.79569892473118,51.61290322580645,44.086021505376344,,,,,,,56.4,,,,,,,,,,,,61.82795698924731,52.68817204301075,46.774193548387096,53.8,78.43137254901961,82.79569892473118,51.61290322580645,36.55913978494624,44.086021505376344,58.7,,,,,,,,,,,,,,,,,3.0,True,5.0,True,,,,
Mathias Jørgensen,Brentford,,,,,2.0,0.0,,,,,,,,0.5,0.0,,,0.7,0.9,,,,,,,,,,,,,,,,,,,,,,,,,,1.0,0.0,7.0,0.6,,,1086,14,DEN,,1.0,,0.0,DF,33.0,Defender,0.0,7.0,0.0,0.0,,,,,,,,,,,,,,,,,,,,,,,,,,,,,,,,,,,,,,,,,,,,,,,,,,,,,,,0.0,False,0.0,False,,,,,,,,
Matt Doherty,Wolverhampton Wanderers,2.3,69.0,35.2,79.3,3.0,0.0,1.0,,,0.5,46.2,2.9,37.0,0.9,0.0,0.07,0.0,0.9,1.0,0.07,1.0,,,1.0,0.6,7.0,0.2,33.3,0.4,5.0,,,,,6.61,0.0,0.2,1.6,,,1.4,58.1,,,1.0,0.0,12.0,0.9,0.7,2.0,1142,30,IRL,11.1,1.0,0.08,0.0,"DF,MF",31.0,Defender,9.0,7.0,1.2857142857142858,100.0,77.61904761904762,40.0,7.142857142857142,56.19047619047619,32.857142857142854,41.904761904761905,31.428571428571427,66.19047619047619,100.0,,,,,,,,,,,,50.4,77.61904761904762,40.0,7.142857142857142,56.19047619047619,32.857142857142854,42.8,41.904761904761905,31.428571428571427,66.19047619047619,100.0,59.9,,,,,,,,,,,,,,,,,,,,,,,5.0,True,4.0,True,,,,,,,,
Matt Turner,Nottingham Forest,,,,,,,,2.0,28.0,,,,,0.0,0.0,,,,,,,,,,,,,,,,,,,,,,,,,,,,,,,,,,,,1530,17,USA,,,,0.0,GK,29.0,Goalkeeper,,,,,,,,,,,,,,,,,,,,,,,,,,,,,,,,,,,,,,,,,,,,,,,,,,,,,,,,,,,,,,,,,,,,,,
Matty Cash,Aston Villa,1.3,35.6,36.3,84.0,6.0,2.0,4.0,,,0.5,37.5,2.2,52.0,2.5,2.0,0.1,0.1,4.3,3.8,0.18,1.3,,,2.0,0.8,18.0,0.5,39.4,0.6,14.0,1.0,29.0,,,6.77,1.0,0.3,2.0,,,1.3,57.4,2.0,2.5,2.0,0.0,13.0,0.5,1.4,8.0,2142,29,POL,6.1,2.0,0.08,0.0,DF,25.0,Defender,9.0,7.0,1.2857142857142858,100.0,69.04761904761905,36.19047619047619,22.857142857142858,23.333333333333332,54.761904761904766,46.19047619047619,57.61904761904761,26.666666666666668,25.71428571428571,,,,,,,,,,,,40.3,69.04761904761905,36.19047619047619,22.857142857142858,23.333333333333332,54.761904761904766,41.2,46.19047619047619,57.61904761904761,26.666666666666668,25.71428571428571,39.0,,,,,,,,,,,,,,,,,,,,,,,5.0,True,4.0,True,,,,,,,,
Matz Sels,Nottingham Forest,,,,,,,,1.0,27.0,,,,,0.1,0.0,,,,,,,,,,,,,,,,,,,,,,,,,,,,,,,,1.0,0.1,,,1440,16,BEL,,,,0.0,GK,31.0,Goalkeeper,,,,,,,,,,,,,,,,,,,,,,,,,,,,,,,,,,,,,,,,,,,,,,,,,,,,,,,,,,,,,,,,,,,,,,
Max Aarons,Bournemouth,1.5,39.2,25.2,76.7,1.0,1.0,,,,1.0,53.8,1.5,21.0,0.9,1.0,0.07,0.1,0.0,,0.0,0.9,,,,0.6,8.0,,,0.4,5.0,1.0,20.0,,,,,0.4,1.6,,,1.4,65.5,1.0,0.9,,,7.0,0.5,0.1,1.0,1234,20,ENG,0.0,0.0,0.0,0.0,DF,23.0,Defender,9.0,7.0,1.2857142857142858,100.0,77.61904761904762,78.0952380952381,7.142857142857142,7.6190476190476195,32.857142857142854,14.285714285714285,16.666666666666664,35.23809523809524,43.333333333333336,,,,,,,,,,,,34.8,77.61904761904762,78.0952380952381,7.142857142857142,7.6190476190476195,32.857142857142854,40.7,14.285714285714285,16.666666666666664,35.23809523809524,43.333333333333336,27.4,,,,,,,,,,,,,,,,,,,,,,,5.0,True,4.0,True,,,,,,,,
Max Kilman,Wolverhampton Wanderers,3.8,46.5,51.9,86.3,4.0,0.0,1.0,,,0.3,76.9,4.7,179.0,1.1,0.0,0.03,0.0,1.8,2.5,0.05,1.0,,,2.0,1.0,39.0,0.2,42.9,1.0,37.0,1.0,38.0,,,6.9,1.0,0.1,1.6,,,0.6,44.7,,,2.0,0.0,17.0,0.4,0.4,7.0,3420,38,ENG,14.3,2.0,0.05,0.0,DF,26.0,Defender,9.0,7.0,1.2857142857142858,100.0,5.238095238095238,3.8095238095238098,49.523809523809526,87.14285714285714,87.14285714285714,72.38095238095238,66.66666666666666,88.57142857142857,68.57142857142857,,,,,,,,,,,,58.8,5.238095238095238,3.8095238095238098,49.523809523809526,87.14285714285714,87.14285714285714,46.6,72.38095238095238,66.66666666666666,88.57142857142857,68.57142857142857,74.0,,,,,,,,,,,,,,,,,,,,,,,5.0,True,4.0,True,,,,,,,,
Maxime Estève,Burnley,,,,,,,,,,,,,,0.2,0.0,,,0.3,,,,,,,,,,,,,,,,,,,,,,,,,,,,,1.0,0.1,,,1312,16,FRA,,0.0,,0.0,DF,21.0,Defender,0.0,7.0,0.0,0.0,,,,,,,,,,,,,,,,,,,,,,,,,,,,,,,,,,,,,,,,,,,,,,,,,,,,,,,0.0,False,0.0,False,,,,,,,,
Michael Olise,Crystal Palace,1.8,71.4,35.7,83.1,9.0,6.0,3.0,,,2.8,54.8,0.6,9.0,5.0,6.0,0.35,0.4,5.5,6.5,0.39,0.9,,,10.0,0.8,11.0,1.5,36.8,,,,,,,7.71,5.0,0.5,2.3,,,0.7,52.6,6.0,5.0,10.0,1.0,36.0,2.5,4.0,0.0,1277,19,FRA,17.5,10.0,0.7,,"FW,MF",21.0,Forward,10.0,7.0,1.4285714285714286,100.0,,,,,,,,,,,97.53086419753086,100.0,93.0379746835443,96.20253164556962,93.0379746835443,63.92405063291139,94.30379746835443,89.24050632911393,32.91139240506329,70.98765432098766,83.1,,,,,,,,,,,,,,,,,,,,,,93.0379746835443,63.92405063291139,94.30379746835443,89.24050632911393,32.91139240506329,70.98765432098766,74.1,100.0,93.0379746835443,97.53086419753086,96.20253164556962,96.7,,,,,,,,,6.0,True,4.0,True
Michail Antonio,West Ham United,0.4,53.3,9.1,64.6,1.0,2.0,6.0,,,1.5,52.7,0.2,4.0,1.3,2.0,0.07,0.1,5.8,5.4,0.3,1.3,,,6.0,0.2,4.0,0.7,46.7,0.2,3.0,,,,,6.61,0.0,0.7,1.0,,,0.4,53.3,2.0,1.3,6.0,0.0,8.0,0.4,1.6,6.0,1710,26,JAM,20.0,6.0,0.32,0.0,FW,33.0,Forward,10.0,7.0,1.4285714285714286,100.0,,,,,,,,,,,1.8518518518518516,24.68354430379747,32.91139240506329,60.75949367088608,46.835443037974684,43.67088607594937,6.962025316455696,15.18987341772152,74.68354430379746,83.9506172839506,39.1,,,,,,,,,,,,,,,,,,,,,,46.835443037974684,43.67088607594937,6.962025316455696,15.18987341772152,74.68354430379746,83.9506172839506,45.2,24.68354430379747,32.91139240506329,1.8518518518518516,60.75949367088608,30.1,,,,,,,,,6.0,True,4.0,True
Micky van de Ven,Tottenham Hotspur,1.6,60.3,64.6,94.3,,,,,,0.6,62.5,2.7,71.0,0.3,0.0,0.01,0.0,1.0,1.1,0.04,0.5,,,3.0,0.7,18.0,0.1,37.5,0.6,15.0,1.0,27.0,,,7.12,1.0,0.1,2.7,,,1.3,71.4,,,3.0,0.0,1.0,0.0,0.3,5.0,2342,27,NED,37.5,3.0,0.12,0.0,DF,22.0,Defender,9.0,7.0,1.2857142857142858,100.0,69.04761904761905,95.23809523809523,13.80952380952381,46.666666666666664,54.761904761904766,86.66666666666667,99.04761904761905,41.42857142857143,89.52380952380953,,,,,,,,,,,,66.2,69.04761904761905,95.23809523809523,13.80952380952381,46.666666666666664,54.761904761904766,55.9,86.66666666666667,99.04761904761905,41.42857142857143,89.52380952380953,79.2,,,,,,,,,,,,,,,,,,,,,,,5.0,True,4.0,True,,,,,,,,
Miguel Almiron,Newcastle United,0.6,65.0,30.4,85.8,6.0,1.0,4.0,,,1.1,51.1,0.6,12.0,2.4,1.0,0.11,0.0,4.5,4.5,0.21,0.7,,,3.0,0.5,10.0,0.6,29.3,0.1,2.0,,,,,6.84,0.0,0.8,1.9,,,1.1,66.7,1.0,2.4,3.0,0.0,24.0,1.1,1.9,2.0,1945,33,PAR,7.3,3.0,0.14,0.0,FW,29.0,Forward,10.0,7.0,1.4285714285714286,100.0,,,,,,,,,,,37.03703703703704,43.67088607594937,7.59493670886076,37.9746835443038,8.860759493670885,22.78481012658228,15.822784810126583,8.860759493670885,10.126582278481013,11.728395061728394,20.4,,,,,,,,,,,,,,,,,,,,,,8.860759493670885,22.78481012658228,15.822784810126583,8.860759493670885,10.126582278481013,11.728395061728394,13.0,43.67088607594937,7.59493670886076,37.03703703703704,37.9746835443038,31.6,,,,,,,,,6.0,True,4.0,True
Milos Kerkez,Bournemouth,1.0,32.4,22.1,77.2,3.0,1.0,2.0,,,0.5,50.0,2.6,56.0,1.2,1.0,0.06,0.0,1.2,0.6,0.05,1.1,,,,0.9,20.0,0.2,31.3,0.5,11.0,,,1.0,1.0,6.54,0.0,0.5,1.5,,,1.2,55.3,1.0,1.2,,,12.0,0.5,0.7,4.0,1975,28,HUN,0.0,0.0,0.0,1.0,DF,19.0,Defender,9.0,7.0,1.2857142857142858,100.0,60.476190476190474,27.61904761904762,35.23809523809524,41.904761904761905,45.23809523809524,5.238095238095238,20.952380952380953,13.333333333333334,17.61904761904762,,,,,,,,,,,,29.7,60.476190476190474,27.61904761904762,35.23809523809524,41.904761904761905,45.23809523809524,42.1,5.238095238095238,20.952380952380953,13.333333333333334,17.61904761904762,14.3,,,,,,,,,,,,,,,,,,,,,,,5.0,True,4.0,True,,,,,,,,
Mohamed Salah,Liverpool,0.9,64.9,25.1,75.7,22.0,10.0,17.0,,,1.0,35.5,0.0,1.0,7.5,10.0,0.27,0.4,21.2,23.2,0.75,0.4,,,18.0,0.1,2.0,2.0,49.1,0.0,1.0,,,1.0,0.9,7.64,8.0,1.0,1.5,,,0.4,64.7,10.0,7.5,18.0,5.0,66.0,2.3,4.0,2.0,2535,32,EGY,15.8,18.0,0.64,0.0,FW,31.0,Forward,10.0,7.0,1.4285714285714286,100.0,,,,,,,,,,,92.5925925925926,94.9367088607595,93.0379746835443,30.37974683544304,88.60759493670885,96.20253164556962,94.30379746835443,98.10126582278481,82.27848101265823,62.96296296296296,83.3,,,,,,,,,,,,,,,,,,,,,,88.60759493670885,96.20253164556962,94.30379746835443,98.10126582278481,82.27848101265823,62.96296296296296,87.1,94.9367088607595,93.0379746835443,92.5925925925926,30.37974683544304,77.7,,,,,,,,,6.0,True,4.0,True
Mohammed Kudus,West Ham United,1.6,72.1,23.7,84.5,5.0,6.0,4.0,,,4.5,61.7,0.3,8.0,3.7,6.0,0.13,0.2,5.1,5.4,0.19,1.4,,,8.0,0.4,11.0,0.6,25.4,,,1.0,33.0,1.0,2.7,7.39,4.0,0.9,3.7,,,1.7,72.3,6.0,3.7,8.0,0.0,28.0,1.0,2.4,6.0,2483,33,GHA,11.9,8.0,0.29,0.0,"FW,MF",22.0,Forward,10.0,7.0,1.4285714285714286,100.0,,,,,,,,,,,27.77777777777778,52.53164556962025,62.65822784810127,98.73417721518987,43.67088607594937,15.18987341772152,50.63291139240506,8.860759493670885,5.063291139240507,39.50617283950617,40.5,,,,,,,,,,,,,,,,,,,,,,43.67088607594937,15.18987341772152,50.63291139240506,8.860759493670885,5.063291139240507,39.50617283950617,27.2,52.53164556962025,62.65822784810127,27.77777777777778,98.73417721518987,60.4,,,,,,,,,6.0,True,4.0,True
Moisés Caicedo,Chelsea,2.8,72.1,59.7,90.8,4.0,3.0,,,,0.8,52.0,1.0,33.0,2.0,3.0,0.06,0.1,0.5,0.5,0.02,1.6,,,1.0,1.2,37.0,0.1,30.8,0.8,25.0,1.0,35.0,,,7.05,1.0,0.7,3.0,,,1.4,50.5,3.0,2.0,1.0,0.0,23.0,0.7,0.4,11.0,2872,35,ECU,7.7,1.0,0.03,0.0,MF,21.0,Midfielder,10.0,7.0,1.4285714285714286,100.0,70.43010752688173,,73.11827956989248,,,88.17204301075269,92.47311827956989,85.48387096774194,,69.35483870967742,24.019607843137255,20.43010752688172,51.61290322580645,52.1505376344086,,,,,,,62.7,,,,,,,,,,,,70.43010752688173,73.11827956989248,69.35483870967742,71.0,24.019607843137255,20.43010752688172,51.61290322580645,88.17204301075269,52.1505376344086,47.3,,,,,,,,,,,,,,,,,3.0,True,5.0,True,,,,
Morgan Gibbs-White,Nottingham Forest,2.1,56.3,28.1,76.9,16.0,10.0,5.0,,,1.3,44.4,0.5,18.0,6.8,10.0,0.19,0.3,6.9,5.0,0.2,1.1,,,5.0,0.5,17.0,0.4,21.1,0.2,8.0,,,,,7.24,3.0,0.6,2.4,,,0.7,66.7,10.0,6.8,5.0,1.0,74.0,2.1,2.0,9.0,3160,37,ENG,7.0,5.0,0.14,0.0,"MF,FW",23.0,Midfielder,10.0,7.0,1.4285714285714286,100.0,16.129032258064516,,17.20430107526882,,,26.881720430107524,11.827956989247312,66.12903225806451,,39.247311827956985,84.31372549019608,82.79569892473118,92.47311827956989,82.25806451612904,,,,,,,51.9,,,,,,,,,,,,16.129032258064516,17.20430107526882,39.247311827956985,24.2,84.31372549019608,82.79569892473118,92.47311827956989,26.881720430107524,82.25806451612904,73.7,,,,,,,,,,,,,,,,,3.0,True,5.0,True,,,,
Moussa Diaby,Aston Villa,0.4,56.3,19.4,82.6,13.0,8.0,7.0,,,1.2,43.9,0.2,5.0,4.5,8.0,0.19,0.3,7.1,7.9,0.29,0.7,,,6.0,0.4,9.0,0.9,42.6,0.0,1.0,,,,,6.89,1.0,0.4,1.0,,,0.2,41.7,8.0,4.5,6.0,0.0,47.0,1.9,2.2,1.0,2184,38,FRA,11.1,6.0,0.25,0.0,"FW,MF",24.0,Forward,10.0,7.0,1.4285714285714286,100.0,,,,,,,,,,,81.48148148148148,75.9493670886076,81.64556962025317,44.303797468354425,32.91139240506329,38.607594936708864,38.607594936708864,37.9746835443038,59.49367088607595,34.5679012345679,52.6,,,,,,,,,,,,,,,,,,,,,,32.91139240506329,38.607594936708864,38.607594936708864,37.9746835443038,59.49367088607595,34.5679012345679,40.4,75.9493670886076,81.64556962025317,81.48148148148148,44.303797468354425,70.8,,,,,,,,,6.0,True,4.0,True
Moussa Niakhaté,Nottingham Forest,1.9,38.3,36.3,85.5,,,,,,0.2,100.0,3.0,49.0,0.3,0.0,0.02,0.0,1.1,1.0,0.07,0.7,,,1.0,0.9,14.0,0.1,20.0,0.7,12.0,,,,,6.57,0.0,0.1,1.7,,,1.5,59.5,,,1.0,0.0,3.0,0.2,0.3,3.0,1457,21,SEN,20.0,1.0,0.06,1.0,DF,27.0,Defender,9.0,7.0,1.2857142857142858,100.0,83.33333333333334,47.14285714285714,35.23809523809524,60.476190476190474,62.38095238095238,46.19047619047619,62.38095238095238,51.90476190476191,38.095238095238095,,,,,,,,,,,,54.1,83.33333333333334,47.14285714285714,35.23809523809524,60.476190476190474,62.38095238095238,57.7,46.19047619047619,62.38095238095238,51.90476190476191,38.095238095238095,49.6,,,,,,,,,,,,,,,,,,,,,,,5.0,True,4.0,True,,,,,,,,
Murillo,Nottingham Forest,3.8,38.7,36.1,77.6,2.0,2.0,2.0,,,0.6,57.1,6.0,185.0,0.6,2.0,0.02,0.1,1.8,0.8,0.06,1.2,,,,1.2,37.0,0.2,35.3,0.8,24.0,,,,,6.78,0.0,0.2,1.6,,,1.0,62.0,2.0,0.6,,,7.0,0.2,0.5,5.0,2793,32,BRA,0.0,0.0,0.0,0.0,DF,21.0,Defender,9.0,7.0,1.2857142857142858,100.0,44.285714285714285,58.57142857142858,71.9047619047619,99.52380952380952,70.47619047619048,44.761904761904766,24.285714285714285,88.57142857142857,40.0,,,,,,,,,,,,60.3,44.285714285714285,58.57142857142858,71.9047619047619,99.52380952380952,70.47619047619048,69.0,44.761904761904766,24.285714285714285,88.57142857142857,40.0,49.4,,,,,,,,,,,,,,,,,,,,,,,5.0,True,4.0,True,,,,,,,,
Mykhaylo Mudryk,Chelsea,0.8,77.8,20.9,76.9,6.0,2.0,4.0,,,2.2,55.7,0.3,6.0,3.2,2.0,0.18,0.1,4.4,4.1,0.25,1.3,,,5.0,0.5,9.0,0.7,34.3,0.1,1.0,,,2.0,1.5,6.94,0.0,0.3,1.0,,,0.7,57.1,2.0,3.2,5.0,0.0,32.0,1.8,2.0,5.0,1578,31,UKR,14.3,5.0,0.29,0.0,FW,22.0,Forward,10.0,7.0,1.4285714285714286,100.0,,,,,,,,,,,77.1604938271605,74.0506329113924,32.91139240506329,90.50632911392405,43.67088607594937,31.645569620253166,22.151898734177212,15.18987341772152,22.151898734177212,53.086419753086425,46.3,,,,,,,,,,,,,,,,,,,,,,43.67088607594937,31.645569620253166,22.151898734177212,15.18987341772152,22.151898734177212,53.086419753086425,31.3,74.0506329113924,32.91139240506329,77.1604938271605,90.50632911392405,68.7,,,,,,,,,6.0,True,4.0,True
Nathan Aké,Manchester City,0.8,33.3,72.3,92.8,3.0,2.0,2.0,,,0.2,62.5,2.3,52.0,1.1,2.0,0.05,0.1,2.5,2.3,0.11,0.4,,,2.0,0.6,14.0,0.2,25.0,0.1,2.0,,,,,7.27,0.0,0.3,2.4,,,0.7,61.5,2.0,1.1,2.0,0.0,10.0,0.4,0.9,0.0,2044,29,NED,10.0,2.0,0.09,,DF,28.0,Defender,9.0,7.0,1.2857142857142858,100.0,13.333333333333334,57.14285714285714,7.142857142857142,28.095238095238095,2.857142857142857,91.42857142857143,95.23809523809523,5.714285714285714,21.428571428571427,,,,,,,,,,,,35.8,13.333333333333334,57.14285714285714,7.142857142857142,28.095238095238095,2.857142857142857,21.7,91.42857142857143,95.23809523809523,5.714285714285714,21.428571428571427,53.5,,,,,,,,,,,,,,,,,,,,,,,5.0,True,4.0,True,,,,,,,,
Nathan Collins,Brentford,2.3,38.1,40.6,81.5,5.0,1.0,3.0,,,0.4,84.6,4.4,129.0,1.1,1.0,0.04,0.0,2.1,0.9,0.07,0.4,,,1.0,1.5,44.0,0.1,20.0,1.0,30.0,,,,,6.69,0.0,,,,,0.7,52.6,1.0,1.1,1.0,0.0,11.0,0.4,0.3,3.0,2649,32,IRL,10.0,1.0,0.03,0.0,DF,22.0,Defender,9.0,7.0,1.2857142857142858,100.0,13.333333333333334,17.142857142857142,91.9047619047619,80.95238095238095,87.14285714285714,54.285714285714285,44.761904761904766,66.19047619047619,37.142857142857146,,,,,,,,,,,,54.8,13.333333333333334,17.142857142857142,91.9047619047619,80.95238095238095,87.14285714285714,58.1,54.285714285714285,44.761904761904766,66.19047619047619,37.142857142857146,50.6,,,,,,,,,,,,,,,,,,,,,,,5.0,True,4.0,True,,,,,,,,
Nathan Patterson,Everton,2.4,42.9,26.8,73.0,3.0,2.0,1.0,,,0.6,41.2,2.5,28.0,1.0,2.0,0.09,0.2,0.3,,0.03,1.6,,,,0.8,9.0,,,0.3,3.0,,,,,,,0.6,2.2,,,2.2,70.6,2.0,1.0,,,8.0,0.7,0.4,4.0,999,20,SCO,0.0,0.0,0.0,0.0,DF,21.0,Defender,9.0,7.0,1.2857142857142858,100.0,98.57142857142858,93.33333333333333,22.857142857142858,37.61904761904762,20.952380952380953,19.523809523809526,5.238095238095238,68.57142857142857,56.19047619047619,,,,,,,,,,,,47.0,98.57142857142858,93.33333333333333,22.857142857142858,37.61904761904762,20.952380952380953,54.7,19.523809523809526,5.238095238095238,68.57142857142857,56.19047619047619,37.4,,,,,,,,,,,,,,,,,,,,,,,5.0,True,4.0,True,,,,,,,,
Nathaniel Clyne,Crystal Palace,1.8,43.3,30.2,84.2,,,,,,0.5,57.1,1.9,28.0,0.2,0.0,0.01,0.0,0.2,,0.01,0.4,,,,0.7,10.0,,,0.4,6.0,,,,,,,0.3,1.3,,,1.0,62.5,,,,,3.0,0.2,0.3,0.0,1337,19,ENG,0.0,0.0,0.0,,DF,32.0,Defender,9.0,7.0,1.2857142857142858,100.0,44.285714285714285,65.71428571428571,13.80952380952381,15.714285714285714,32.857142857142854,28.57142857142857,59.04761904761905,47.61904761904761,60.476190476190474,,,,,,,,,,,,40.9,44.285714285714285,65.71428571428571,13.80952380952381,15.714285714285714,32.857142857142854,34.5,28.57142857142857,59.04761904761905,47.61904761904761,60.476190476190474,48.9,,,,,,,,,,,,,,,,,,,,,,,5.0,True,4.0,True,,,,,,,,
Nayef Aguerd,West Ham United,5.0,39.5,45.4,80.5,,,2.0,,,0.1,60.0,3.9,80.0,0.4,0.0,0.02,0.0,1.6,1.3,0.08,0.5,,,1.0,0.8,17.0,0.2,28.6,1.2,24.0,1.0,21.0,,,6.56,0.0,,,,,0.7,53.8,,,1.0,0.0,4.0,0.2,0.7,1.0,1859,21,MAR,7.1,1.0,0.05,1.0,DF,27.0,Defender,9.0,7.0,1.2857142857142858,100.0,13.333333333333334,20.952380952380953,22.857142857142858,73.33333333333333,94.76190476190476,63.33333333333333,40.0,96.66666666666667,44.761904761904766,,,,,,,,,,,,52.2,13.333333333333334,20.952380952380953,22.857142857142858,73.33333333333333,94.76190476190476,45.0,63.33333333333333,40.0,96.66666666666667,44.761904761904766,61.2,,,,,,,,,,,,,,,,,,,,,,,5.0,True,4.0,True,,,,,,,,
Neal Maupay,Brentford,1.0,64.0,18.5,73.6,5.0,3.0,7.0,,,0.6,31.0,0.3,4.0,2.3,3.0,0.14,0.2,7.2,8.8,0.46,1.3,,,6.0,0.1,2.0,1.3,47.6,,,,,,,6.61,0.0,1.1,1.7,,,0.4,70.0,3.0,2.3,6.0,0.0,16.0,1.0,2.7,8.0,1424,31,FRA,14.3,6.0,0.38,0.0,FW,26.0,Forward,10.0,7.0,1.4285714285714286,100.0,,,,,,,,,,,27.77777777777778,56.9620253164557,62.65822784810127,12.025316455696203,53.79746835443038,77.21518987341773,63.92405063291139,79.11392405063292,77.21518987341773,53.086419753086425,56.4,,,,,,,,,,,,,,,,,,,,,,53.79746835443038,77.21518987341773,63.92405063291139,79.11392405063292,77.21518987341773,53.086419753086425,67.4,56.9620253164557,62.65822784810127,27.77777777777778,12.025316455696203,39.9,,,,,,,,,6.0,True,4.0,True
Neco Williams,Nottingham Forest,1.2,24.4,23.8,72.4,1.0,1.0,,,,1.0,51.4,2.4,43.0,1.7,1.0,0.09,0.1,0.8,0.3,0.05,1.3,,,,1.2,22.0,0.2,26.7,0.7,13.0,,,,,6.85,0.0,0.4,1.5,,,2.2,58.0,1.0,1.7,,,11.0,0.6,0.8,4.0,1634,26,WAL,0.0,0.0,0.0,0.0,DF,22.0,Defender,9.0,7.0,1.2857142857142858,100.0,98.57142857142858,39.04761904761905,71.9047619047619,33.33333333333333,62.38095238095238,8.571428571428571,3.3333333333333335,22.380952380952383,1.9047619047619049,,,,,,,,,,,,37.9,98.57142857142858,39.04761904761905,71.9047619047619,33.33333333333333,62.38095238095238,61.0,8.571428571428571,3.3333333333333335,22.380952380952383,1.9047619047619049,9.0,,,,,,,,,,,,,,,,,,,,,,,5.0,True,4.0,True,,,,,,,,
Neto,Bournemouth,,,17.0,60.2,,,,7.0,55.0,0.1,100.0,1.2,38.0,0.0,0.0,0.0,0.0,,,,0.0,1.7,55.0,,0.0,1.0,,,,,,,,,6.67,0.0,,,3.6,115.0,,,,,,,,,,5.0,2880,32,BRA,,,,0.0,GK,34.0,Goalkeeper,,,,,,,,,,,,,,,,,,,,,,,,,,,,,,,,,,,,,,,,,,,,,,,,,,,,,,,,,,,,,,,,,,,,,,
Nick Pope,Newcastle United,,,,,,,,5.0,16.0,,,,,0.0,0.0,,,0.0,,,,,,,,,,,,,,,,,,,,,,,,,,,,,,,,,1346,15,ENG,,0.0,,0.0,GK,31.0,Goalkeeper,,,,,,,,,,,,,,,,,,,,,,,,,,,,,,,,,,,,,,,,,,,,,,,,,,,,,,,,,,,,,,,,,,,,,,
Nicolas Jackson,Chelsea,0.4,61.1,16.5,78.0,8.0,5.0,24.0,,,1.7,59.3,0.5,17.0,2.9,5.0,0.09,0.2,18.6,15.9,0.6,0.9,,,14.0,0.1,4.0,1.3,51.2,0.2,5.0,,,,,7.18,2.0,0.8,1.3,,,0.4,61.9,5.0,2.9,14.0,0.0,39.0,1.3,2.6,10.0,2804,35,SEN,17.5,14.0,0.45,0.0,FW,22.0,Forward,10.0,7.0,1.4285714285714286,100.0,,,,,,,,,,,55.55555555555556,34.810126582278485,62.65822784810127,69.62025316455697,71.51898734177216,91.13924050632912,58.86075949367089,79.11392405063292,86.70886075949366,70.98765432098766,68.1,,,,,,,,,,,,,,,,,,,,,,71.51898734177216,91.13924050632912,58.86075949367089,79.11392405063292,86.70886075949366,70.98765432098766,76.4,34.810126582278485,62.65822784810127,55.55555555555556,69.62025316455697,55.7,,,,,,,,,6.0,True,4.0,True
Nicolás Dominguez,Nottingham Forest,1.6,50.9,42.4,85.4,2.0,2.0,1.0,,,0.4,46.7,1.4,23.0,1.3,2.0,0.08,0.1,1.3,1.6,0.08,1.6,,,2.0,1.1,18.0,0.4,27.3,0.3,5.0,,,,,6.93,1.0,0.5,3.1,,,2.0,54.0,2.0,1.3,2.0,0.0,10.0,0.6,1.3,4.0,1503,26,ARG,9.1,2.0,0.12,0.0,"MF,FW",25.0,Midfielder,10.0,7.0,1.4285714285714286,100.0,93.54838709677419,,64.51612903225806,,,64.51612903225806,59.13978494623656,51.61290322580645,,75.26881720430107,15.686274509803921,33.33333333333333,51.61290322580645,19.35483870967742,,,,,,,52.9,,,,,,,,,,,,93.54838709677419,64.51612903225806,75.26881720430107,77.8,15.686274509803921,33.33333333333333,51.61290322580645,64.51612903225806,19.35483870967742,36.9,,,,,,,,,,,,,,,,,3.0,True,5.0,True,,,,
Noni Madueke,Chelsea,0.8,75.0,34.4,88.5,2.0,2.0,,,,3.2,50.0,1.0,12.0,2.0,2.0,0.17,0.2,2.5,3.6,0.21,0.7,,,5.0,0.3,4.0,1.1,40.6,,,,,2.0,1.6,7.1,1.0,0.3,2.0,,,0.9,62.5,2.0,2.0,5.0,1.0,20.0,1.7,2.7,2.0,1053,23,ENG,15.6,5.0,0.43,0.0,FW,21.0,Forward,10.0,7.0,1.4285714285714286,100.0,,,,,,,,,,,72.22222222222221,68.9873417721519,62.65822784810127,97.46835443037975,66.45569620253164,22.78481012658228,63.92405063291139,61.39240506329114,49.36708860759494,60.49382716049383,62.6,,,,,,,,,,,,,,,,,,,,,,66.45569620253164,22.78481012658228,63.92405063291139,61.39240506329114,49.36708860759494,60.49382716049383,54.1,68.9873417721519,62.65822784810127,72.22222222222221,97.46835443037975,75.3,,,,,,,,,6.0,True,4.0,True
Nélson Semedo,Wolverhampton Wanderers,1.4,33.1,35.7,80.9,2.0,1.0,2.0,,,1.5,63.7,2.3,78.0,1.8,1.0,0.05,0.0,1.3,0.8,0.04,1.4,,,,1.0,36.0,0.1,23.5,0.2,8.0,2.0,36.0,,,6.93,0.0,0.4,1.8,,,1.4,60.8,1.0,1.8,,,24.0,0.7,0.5,11.0,3092,36,POR,0.0,0.0,0.0,1.0,"DF,MF",29.0,Defender,9.0,7.0,1.2857142857142858,100.0,77.61904761904762,52.38095238095239,49.523809523809526,28.095238095238095,10.476190476190476,43.80952380952381,40.95238095238095,30.476190476190478,20.0,,,,,,,,,,,,39.3,77.61904761904762,52.38095238095239,49.523809523809526,28.095238095238095,10.476190476190476,43.6,43.80952380952381,40.95238095238095,30.476190476190478,20.0,33.8,,,,,,,,,,,,,,,,,,,,,,,5.0,True,4.0,True,,,,,,,,
Odsonne Edouard,Crystal Palace,0.2,42.9,14.3,73.3,1.0,0.0,6.0,,,1.1,44.2,1.0,18.0,1.1,0.0,0.06,0.0,6.2,6.8,0.36,1.8,,,7.0,0.3,6.0,1.1,37.3,0.1,1.0,,,,,6.75,2.0,0.6,1.0,,,0.7,50.0,,,7.0,0.0,18.0,1.0,3.0,4.0,1552,30,FRA,13.7,7.0,0.41,0.0,"FW,MF",25.0,Forward,10.0,7.0,1.4285714285714286,100.0,,,,,,,,,,,27.77777777777778,17.72151898734177,7.59493670886076,37.9746835443038,60.75949367088608,57.59493670886076,71.51898734177216,61.39240506329114,36.708860759493675,49.382716049382715,42.8,,,,,,,,,,,,,,,,,,,,,,60.75949367088608,57.59493670886076,71.51898734177216,61.39240506329114,36.708860759493675,49.382716049382715,56.2,17.72151898734177,7.59493670886076,27.77777777777778,37.9746835443038,22.8,,,,,,,,,6.0,True,4.0,True
Ola Aina,Nottingham Forest,1.1,42.6,26.8,79.9,,,,,,1.4,65.9,2.2,41.0,1.0,1.0,0.05,0.1,0.3,0.4,0.01,1.0,,,1.0,1.0,18.0,0.1,9.1,0.2,3.0,1.0,22.0,,,6.91,0.0,0.4,1.5,,,1.6,66.0,1.0,1.0,1.0,0.0,11.0,0.6,0.6,3.0,1700,22,NGA,9.1,1.0,0.05,0.0,DF,26.0,Defender,9.0,7.0,1.2857142857142858,100.0,87.61904761904762,80.95238095238095,49.523809523809526,23.333333333333332,10.476190476190476,19.523809523809526,38.095238095238095,18.571428571428573,54.285714285714285,,,,,,,,,,,,42.5,87.61904761904762,80.95238095238095,49.523809523809526,23.333333333333332,10.476190476190476,50.4,19.523809523809526,38.095238095238095,18.571428571428573,54.285714285714285,32.6,,,,,,,,,,,,,,,,,,,,,,,5.0,True,4.0,True,,,,,,,,
Oleksandr Zinchenko,Arsenal,2.8,63.1,65.9,89.4,5.0,2.0,,,,0.4,58.3,1.1,22.0,2.9,2.0,0.15,0.1,0.6,0.5,0.03,0.4,,,1.0,1.0,20.0,0.2,17.6,0.2,3.0,,,,,7.22,1.0,0.3,2.3,,,1.6,60.0,2.0,2.9,1.0,0.0,29.0,1.5,0.9,2.0,1722,27,UKR,5.9,1.0,0.05,0.0,DF,26.0,Defender,9.0,7.0,1.2857142857142858,100.0,87.61904761904762,49.523809523809526,49.523809523809526,3.8095238095238098,10.476190476190476,87.61904761904762,84.76190476190476,75.71428571428571,94.76190476190476,,,,,,,,,,,,60.4,87.61904761904762,49.523809523809526,49.523809523809526,3.8095238095238098,10.476190476190476,40.2,87.61904761904762,84.76190476190476,75.71428571428571,94.76190476190476,85.7,,,,,,,,,,,,,,,,,,,,,,,5.0,True,4.0,True,,,,,,,,
Oliver McBurnie,Sheffield United,0.1,20.0,16.8,60.3,3.0,3.0,7.0,,,0.4,37.5,2.0,28.0,2.0,3.0,0.14,0.2,6.9,6.8,0.48,1.3,,,6.0,0.4,5.0,1.2,51.5,0.1,2.0,,,1.0,1.9,6.79,1.0,0.5,1.3,,,0.5,41.2,3.0,2.0,6.0,2.0,12.0,0.8,2.3,3.0,1283,21,SCO,18.2,6.0,0.42,2.0,FW,27.0,Forward,10.0,7.0,1.4285714285714286,100.0,,,,,,,,,,,14.19753086419753,56.9620253164557,62.65822784810127,5.063291139240507,63.92405063291139,80.37974683544303,45.56962025316456,70.88607594936708,88.60759493670885,79.01234567901234,56.7,,,,,,,,,,,,,,,,,,,,,,63.92405063291139,80.37974683544303,45.56962025316456,70.88607594936708,88.60759493670885,79.01234567901234,71.4,56.9620253164557,62.65822784810127,14.19753086419753,5.063291139240507,34.7,,,,,,,,,6.0,True,4.0,True
Oliver Norwood,Sheffield United,4.3,34.3,38.8,72.2,1.0,0.0,,,,0.1,50.0,2.3,36.0,1.2,0.0,0.08,0.0,1.1,1.7,0.07,0.9,,,1.0,1.3,21.0,0.4,40.0,0.6,9.0,1.0,27.0,,,6.81,1.0,0.4,2.7,,,1.6,63.4,,,1.0,1.0,17.0,1.1,0.9,8.0,1433,27,NIR,6.7,1.0,0.06,0.0,MF,32.0,Midfielder,10.0,7.0,1.4285714285714286,100.0,83.87096774193549,,83.33333333333334,,,56.98924731182796,3.225806451612903,94.6236559139785,,55.376344086021504,51.470588235294116,33.33333333333333,17.741935483870968,2.6881720430107525,,,,,,,48.3,,,,,,,,,,,,83.87096774193549,83.33333333333334,55.376344086021504,74.2,51.470588235294116,33.33333333333333,17.741935483870968,56.98924731182796,2.6881720430107525,32.4,,,,,,,,,,,,,,,,,3.0,True,5.0,True,,,,
Ollie Arblaster,Sheffield United,,,,,1.0,0.0,,,,,,,,0.9,0.0,,,0.0,0.1,,,,,,,,,,,,,,,,,,,,,,,,,,,,11.0,1.0,,,946,12,ENG,,0.0,,0.0,MF,19.0,Midfielder,1.0,7.0,0.14285714285714285,10.0,,,,,,,,,,,44.11764705882353,,,,,,,,,,,,,,,,,,,,,,,,,,44.11764705882353,,,,,,,,,,,,,,,,,,,,,,0.0,False,1.0,False,,,,
Ollie Watkins,Aston Villa,0.1,27.3,12.7,76.8,11.0,13.0,22.0,,,0.7,45.6,0.5,19.0,4.2,13.0,0.12,0.4,16.9,18.9,0.47,0.6,,,19.0,0.1,4.0,1.3,43.9,0.1,4.0,,,2.0,1.1,7.4,7.0,0.5,1.0,,,0.2,58.3,13.0,4.2,19.0,0.0,45.0,1.3,3.0,4.0,3221,37,ENG,17.8,19.0,0.53,0.0,FW,27.0,Forward,10.0,7.0,1.4285714285714286,100.0,,,,,,,,,,,55.55555555555556,48.734177215189874,93.0379746835443,18.354430379746837,83.54430379746836,78.48101265822784,71.51898734177216,79.11392405063292,65.82278481012658,74.07407407407408,66.8,,,,,,,,,,,,,,,,,,,,,,83.54430379746836,78.48101265822784,71.51898734177216,79.11392405063292,65.82278481012658,74.07407407407408,75.4,48.734177215189874,93.0379746835443,55.55555555555556,18.354430379746837,53.9,,,,,,,,,6.0,True,4.0,True
Orel Mangala,Nottingham Forest,1.3,63.9,32.6,88.6,,,1.0,,,0.7,50.0,1.6,28.0,0.3,0.0,0.02,0.0,0.8,0.0,0.05,1.3,,,1.0,1.5,26.0,0.1,10.0,0.3,6.0,,,,,6.64,0.0,0.2,2.1,,,0.7,48.1,,,1.0,0.0,6.0,0.3,0.6,6.0,1569,20,BEL,10.0,1.0,0.06,0.0,MF,25.0,Midfielder,10.0,7.0,1.4285714285714286,100.0,16.129032258064516,,91.39784946236558,,,39.784946236559136,80.10752688172043,37.634408602150536,,19.892473118279568,2.941176470588235,2.6881720430107525,17.741935483870968,44.086021505376344,,,,,,,35.2,,,,,,,,,,,,16.129032258064516,91.39784946236558,19.892473118279568,42.5,2.941176470588235,2.6881720430107525,17.741935483870968,39.784946236559136,44.086021505376344,21.4,,,,,,,,,,,,,,,,,3.0,True,5.0,True,,,,
Pablo Sarabia,Wolverhampton Wanderers,1.7,49.3,32.9,77.1,9.0,7.0,4.0,,,0.9,43.6,0.3,6.0,4.9,7.0,0.25,0.4,6.8,6.9,0.35,1.1,,,4.0,0.5,10.0,0.9,39.1,0.1,1.0,,,,,6.98,1.0,0.8,2.2,,,0.7,65.0,7.0,4.9,4.0,2.0,51.0,2.6,2.4,5.0,1748,30,ESP,8.7,4.0,0.21,0.0,"MF,FW",31.0,Midfielder,10.0,7.0,1.4285714285714286,100.0,16.129032258064516,,17.20430107526882,,,40.86021505376344,13.978494623655912,54.83870967741935,,24.193548387096776,93.62745098039215,91.93548387096774,98.38709677419355,60.215053763440864,,,,,,,51.1,,,,,,,,,,,,16.129032258064516,17.20430107526882,24.193548387096776,19.2,93.62745098039215,91.93548387096774,98.38709677419355,40.86021505376344,60.215053763440864,77.0,,,,,,,,,,,,,,,,,3.0,True,5.0,True,,,,
Pape Sarr,Tottenham Hotspur,1.2,70.0,50.3,88.7,2.0,3.0,3.0,,,0.8,52.8,1.2,28.0,2.1,3.0,0.09,0.1,3.4,3.6,0.15,1.4,,,3.0,1.3,31.0,0.6,38.9,0.2,5.0,,,,,7.08,2.0,1.1,3.2,,,1.0,70.6,3.0,2.1,3.0,0.0,20.0,0.9,1.6,9.0,2085,34,SEN,8.3,3.0,0.13,0.0,MF,20.0,Midfielder,10.0,7.0,1.4285714285714286,100.0,37.096774193548384,,83.33333333333334,,,73.11827956989248,81.72043010752688,31.182795698924732,,79.56989247311827,35.78431372549019,41.935483870967744,51.61290322580645,52.1505376344086,,,,,,,56.8,,,,,,,,,,,,37.096774193548384,83.33333333333334,79.56989247311827,66.7,35.78431372549019,41.935483870967744,51.61290322580645,73.11827956989248,52.1505376344086,50.9,,,,,,,,,,,,,,,,,3.0,True,5.0,True,,,,
Pascal Gross,Brighton and Hove Albion,2.8,57.0,76.3,90.2,11.0,10.0,9.0,,,0.5,55.2,0.8,27.0,9.2,10.0,0.27,0.3,6.5,5.1,0.19,0.7,,,4.0,0.6,22.0,0.6,36.4,0.2,8.0,1.0,36.0,,,7.47,7.0,0.6,1.8,,,1.3,65.7,10.0,9.2,4.0,1.0,103.0,3.0,1.6,7.0,3114,36,GER,7.3,4.0,0.12,0.0,"MF,DF",32.0,Midfielder,10.0,7.0,1.4285714285714286,100.0,61.82795698924731,,25.806451612903224,,,95.6989247311828,88.70967741935483,85.48387096774194,,10.21505376344086,97.54901960784314,94.6236559139785,92.47311827956989,27.956989247311824,,,,,,,68.0,,,,,,,,,,,,61.82795698924731,25.806451612903224,10.21505376344086,32.6,97.54901960784314,94.6236559139785,92.47311827956989,95.6989247311828,27.956989247311824,81.7,,,,,,,,,,,,,,,,,3.0,True,5.0,True,,,,
Pau Torres,Aston Villa,3.1,47.2,56.8,87.8,1.0,0.0,3.0,,,0.6,65.4,2.7,74.0,0.7,0.0,0.03,0.0,1.0,1.0,0.04,0.7,,,2.0,0.5,14.0,0.2,41.7,0.4,12.0,,,,,6.93,1.0,0.1,1.5,,,0.7,62.1,,,2.0,0.0,8.0,0.3,0.4,1.0,2463,29,ESP,16.7,2.0,0.07,0.0,DF,26.0,Defender,9.0,7.0,1.2857142857142858,100.0,13.333333333333334,60.0,1.9047619047619049,46.666666666666664,32.857142857142854,80.95238095238095,75.23809523809524,79.04761904761905,71.42857142857143,,,,,,,,,,,,51.3,13.333333333333334,60.0,1.9047619047619049,46.666666666666664,32.857142857142854,31.0,80.95238095238095,75.23809523809524,79.04761904761905,71.42857142857143,76.7,,,,,,,,,,,,,,,,,,,,,,,5.0,True,4.0,True,,,,,,,,
Pedro Neto,Wolverhampton Wanderers,1.0,58.6,29.1,83.4,7.0,9.0,2.0,,,2.2,46.8,0.1,2.0,3.7,9.0,0.22,0.5,3.5,2.3,0.21,0.9,,,2.0,0.3,5.0,0.7,33.3,0.1,1.0,,,1.0,1.2,7.3,1.0,0.7,2.8,,,0.2,42.9,9.0,3.7,2.0,0.0,38.0,2.3,2.1,4.0,1518,20,POR,5.6,2.0,0.12,0.0,"FW,MF",23.0,Forward,10.0,7.0,1.4285714285714286,100.0,,,,,,,,,,,92.5925925925926,86.07594936708861,98.73417721518987,90.50632911392405,3.79746835443038,22.78481012658228,29.746835443037973,15.18987341772152,17.088607594936708,4.938271604938271,46.1,,,,,,,,,,,,,,,,,,,,,,3.79746835443038,22.78481012658228,29.746835443037973,15.18987341772152,17.088607594936708,4.938271604938271,15.6,86.07594936708861,98.73417721518987,92.5925925925926,90.50632911392405,92.0,,,,,,,,,6.0,True,4.0,True
Pedro Porro,Tottenham Hotspur,2.2,43.3,43.2,79.6,13.0,7.0,2.0,,,0.8,52.0,2.3,80.0,6.0,7.0,0.18,0.2,3.0,2.4,0.09,1.1,,,3.0,1.0,34.0,0.3,22.6,0.5,18.0,1.0,35.0,,,7.38,3.0,0.4,2.1,,,1.8,69.2,7.0,6.0,3.0,0.0,51.0,1.5,1.5,3.0,3092,35,ESP,5.7,3.0,0.09,0.0,DF,23.0,Defender,9.0,7.0,1.2857142857142858,100.0,93.80952380952381,92.38095238095238,49.523809523809526,28.095238095238095,45.23809523809524,58.0952380952381,34.285714285714285,62.857142857142854,60.476190476190474,,,,,,,,,,,,58.3,93.80952380952381,92.38095238095238,49.523809523809526,28.095238095238095,45.23809523809524,61.8,58.0952380952381,34.285714285714285,62.857142857142854,60.476190476190474,53.9,,,,,,,,,,,,,,,,,,,,,,,5.0,True,4.0,True,,,,,,,,
Pelly-Ruddock Mpanzu,Luton Town,1.3,43.2,21.2,74.9,1.0,0.0,1.0,,,0.7,60.0,1.3,16.0,1.4,0.0,0.11,0.0,0.6,0.2,0.05,0.7,,,,0.7,9.0,0.1,9.1,0.6,7.0,,,,,6.21,0.0,0.3,2.1,,,0.4,38.5,,,,,6.0,0.5,0.9,1.0,1093,27,COD,0.0,0.0,0.0,0.0,MF,30.0,Midfielder,10.0,7.0,1.4285714285714286,100.0,5.376344086021505,,35.483870967741936,,,9.67741935483871,8.60215053763441,37.634408602150536,,19.892473118279568,8.333333333333332,55.376344086021504,17.741935483870968,44.086021505376344,,,,,,,24.2,,,,,,,,,,,,5.376344086021505,35.483870967741936,19.892473118279568,20.3,8.333333333333332,55.376344086021504,17.741935483870968,9.67741935483871,44.086021505376344,27.0,,,,,,,,,,,,,,,,,3.0,True,5.0,True,,,,
Pervis Estupinán,Brighton and Hove Albion,0.9,59.1,52.6,88.7,4.0,3.0,1.0,,,0.7,50.0,1.4,20.0,2.3,3.0,0.17,0.2,1.0,1.0,0.07,1.6,,,2.0,1.5,21.0,0.4,54.5,0.3,4.0,,,,,,,0.7,3.0,,,0.9,50.0,3.0,2.3,2.0,0.0,26.0,1.9,0.8,4.0,1244,19,ECU,18.2,2.0,0.14,0.0,DF,25.0,Defender,9.0,7.0,1.2857142857142858,100.0,34.76190476190476,11.428571428571429,91.9047619047619,6.666666666666667,20.952380952380953,73.33333333333333,80.95238095238095,9.523809523809524,88.57142857142857,,,,,,,,,,,,46.5,34.76190476190476,11.428571428571429,91.9047619047619,6.666666666666667,20.952380952380953,33.1,73.33333333333333,80.95238095238095,9.523809523809524,88.57142857142857,63.1,,,,,,,,,,,,,,,,,,,,,,,5.0,True,4.0,True,,,,,,,,
Phil Foden,Manchester City,1.3,62.7,46.7,89.1,10.0,8.0,7.0,,,1.5,50.5,0.5,16.0,6.9,8.0,0.22,0.3,10.3,16.3,0.32,0.4,,,19.0,0.4,13.0,1.5,45.7,,,1.0,35.0,,,7.83,10.0,1.1,1.9,,,0.6,64.5,8.0,6.9,19.0,0.0,73.0,2.3,3.3,2.0,2865,35,ENG,18.1,19.0,0.6,0.0,"FW,MF",23.0,Forward,10.0,7.0,1.4285714285714286,100.0,,,,,,,,,,,92.5925925925926,86.07594936708861,81.64556962025317,60.75949367088608,84.81012658227847,49.36708860759494,84.81012658227847,89.24050632911393,73.41772151898735,76.5432098765432,77.9,,,,,,,,,,,,,,,,,,,,,,84.81012658227847,49.36708860759494,84.81012658227847,89.24050632911393,73.41772151898735,76.5432098765432,76.4,86.07594936708861,81.64556962025317,92.5925925925926,60.75949367088608,80.3,,,,,,,,,6.0,True,4.0,True
Philip Billing,Bournemouth,1.1,58.6,25.4,78.4,7.0,2.0,1.0,,,0.8,40.0,1.7,27.0,2.1,2.0,0.14,0.1,2.5,2.1,0.16,1.2,,,2.0,1.3,20.0,0.5,26.7,0.3,5.0,,,,,6.65,0.0,0.5,3.0,,,1.0,48.5,2.0,2.1,2.0,0.0,23.0,1.5,1.9,3.0,1393,29,DEN,6.7,2.0,0.13,1.0,MF,27.0,Midfielder,10.0,7.0,1.4285714285714286,100.0,37.096774193548384,,83.33333333333334,,,21.50537634408602,19.35483870967742,26.881720430107524,,69.35483870967742,69.6078431372549,67.20430107526882,51.61290322580645,52.1505376344086,,,,,,,49.8,,,,,,,,,,,,37.096774193548384,83.33333333333334,69.35483870967742,63.3,69.6078431372549,67.20430107526882,51.61290322580645,21.50537634408602,52.1505376344086,52.4,,,,,,,,,,,,,,,,,3.0,True,5.0,True,,,,
Pierre-Emile Højbjerg,Tottenham Hotspur,5.2,67.0,85.3,88.6,3.0,0.0,,,,0.8,54.5,1.9,27.0,1.5,0.0,0.11,0.0,0.7,1.2,0.05,1.4,,,,1.3,19.0,0.4,31.6,0.5,7.0,,,,,6.62,0.0,1.0,4.4,,,1.3,56.3,,,,,9.0,0.6,1.3,4.0,1293,36,DEN,0.0,0.0,0.0,0.0,MF,27.0,Midfielder,10.0,7.0,1.4285714285714286,100.0,61.82795698924731,,83.33333333333334,,,98.9247311827957,80.10752688172043,97.31182795698925,,98.9247311827957,15.686274509803921,55.376344086021504,17.741935483870968,52.1505376344086,,,,,,,66.1,,,,,,,,,,,,61.82795698924731,83.33333333333334,98.9247311827957,81.4,15.686274509803921,55.376344086021504,17.741935483870968,98.9247311827957,52.1505376344086,48.0,,,,,,,,,,,,,,,,,3.0,True,5.0,True,,,,
Raheem Sterling,Chelsea,0.3,66.7,23.7,79.3,7.0,4.0,11.0,,,2.0,39.1,0.4,8.0,4.3,4.0,0.2,0.2,6.5,8.1,0.29,1.5,,,8.0,0.6,13.0,1.0,43.1,,,,,3.0,1.9,6.97,2.0,1.0,2.0,,,0.5,47.6,4.0,4.3,8.0,0.0,30.0,1.4,2.3,7.0,1981,31,ENG,15.7,8.0,0.36,0.0,"FW,MF",28.0,Forward,10.0,7.0,1.4285714285714286,100.0,,,,,,,,,,,61.111111111111114,79.11392405063292,62.65822784810127,84.17721518987342,51.89873417721519,38.607594936708864,45.56962025316456,49.36708860759494,63.29113924050633,61.72839506172839,59.8,,,,,,,,,,,,,,,,,,,,,,51.89873417721519,38.607594936708864,45.56962025316456,49.36708860759494,63.29113924050633,61.72839506172839,51.7,79.11392405063292,62.65822784810127,61.111111111111114,84.17721518987342,71.8,,,,,,,,,6.0,True,4.0,True
Raphaël Varane,Manchester United,1.9,45.3,45.4,89.3,,,,,,0.1,50.0,5.6,86.0,0.6,0.0,0.04,0.0,1.3,0.8,0.08,0.5,,,1.0,1.0,15.0,0.1,25.0,1.2,18.0,,,,,6.76,0.0,0.1,1.8,,,0.7,61.1,,,1.0,0.0,1.0,0.1,0.5,2.0,1371,22,FRA,12.5,1.0,0.07,0.0,DF,30.0,Defender,9.0,7.0,1.2857142857142858,100.0,13.333333333333334,54.761904761904766,49.523809523809526,98.09523809523809,94.76190476190476,63.33333333333333,83.80952380952381,51.90476190476191,65.71428571428571,,,,,,,,,,,,63.9,13.333333333333334,54.761904761904766,49.523809523809526,98.09523809523809,94.76190476190476,62.1,63.33333333333333,83.80952380952381,51.90476190476191,65.71428571428571,66.2,,,,,,,,,,,,,,,,,,,,,,,5.0,True,4.0,True,,,,,,,,
Rasmus Højlund,Manchester United,0.4,100.0,12.5,77.0,,,13.0,,,0.7,50.0,0.8,19.0,0.9,2.0,0.04,0.1,7.6,9.3,0.32,0.8,,,10.0,0.0,1.0,0.9,55.3,0.0,1.0,1.0,30.0,,,6.83,2.0,0.8,1.2,,,0.3,63.6,2.0,0.9,10.0,0.0,28.0,1.2,1.6,2.0,2169,30,DEN,26.3,10.0,0.41,0.0,FW,20.0,Forward,10.0,7.0,1.4285714285714286,100.0,,,,,,,,,,,46.2962962962963,3.79746835443038,32.91139240506329,18.354430379746837,60.75949367088608,49.36708860759494,6.962025316455696,37.9746835443038,94.9367088607595,92.5925925925926,44.4,,,,,,,,,,,,,,,,,,,,,,60.75949367088608,49.36708860759494,6.962025316455696,37.9746835443038,94.9367088607595,92.5925925925926,57.1,3.79746835443038,32.91139240506329,46.2962962962963,18.354430379746837,25.3,,,,,,,,,6.0,True,4.0,True
Raul Jiménez,Fulham,0.8,52.2,16.7,69.7,3.0,0.0,4.0,,,0.6,45.5,0.8,13.0,1.0,0.0,0.06,0.0,5.2,5.7,0.33,1.1,,,7.0,0.3,4.0,1.1,41.5,0.2,3.0,,,,,6.67,0.0,0.8,1.2,,,0.8,66.7,,,7.0,0.0,11.0,0.7,2.6,3.0,1402,24,MEX,17.1,7.0,0.45,1.0,FW,32.0,Forward,10.0,7.0,1.4285714285714286,100.0,,,,,,,,,,,8.024691358024691,17.72151898734177,7.59493670886076,12.025316455696203,71.51898734177216,52.53164556962025,58.86075949367089,61.39240506329114,50.63291139240506,67.28395061728395,40.8,,,,,,,,,,,,,,,,,,,,,,71.51898734177216,52.53164556962025,58.86075949367089,61.39240506329114,50.63291139240506,67.28395061728395,60.4,17.72151898734177,7.59493670886076,8.024691358024691,12.025316455696203,11.3,,,,,,,,,6.0,True,4.0,True
Rayan Ait Nouri,Wolverhampton Wanderers,0.9,42.6,34.5,86.6,3.0,1.0,5.0,,,2.4,61.4,1.2,31.0,1.7,1.0,0.07,0.0,3.3,2.6,0.13,1.0,,,2.0,0.6,15.0,0.3,33.3,0.2,6.0,1.0,33.0,1.0,2.0,6.97,1.0,0.3,1.7,,,1.7,62.0,1.0,1.7,2.0,0.0,25.0,1.0,0.9,7.0,2344,33,ALG,8.3,2.0,0.08,0.0,"DF,MF",22.0,Defender,9.0,7.0,1.2857142857142858,100.0,91.42857142857143,58.57142857142858,7.142857142857142,5.714285714285714,10.476190476190476,39.04761904761905,67.61904761904762,9.523809523809524,54.285714285714285,,,,,,,,,,,,38.2,91.42857142857143,58.57142857142858,7.142857142857142,5.714285714285714,10.476190476190476,34.7,39.04761904761905,67.61904761904762,9.523809523809524,54.285714285714285,42.6,,,,,,,,,,,,,,,,,,,,,,,5.0,True,4.0,True,,,,,,,,
Reece Burke,Luton Town,1.9,33.3,28.7,77.5,3.0,4.0,3.0,,,0.2,66.7,4.0,73.0,0.9,4.0,0.05,0.2,1.3,1.2,0.07,1.1,,,,1.0,18.0,0.2,30.8,1.0,18.0,1.0,22.0,,,6.7,0.0,0.1,1.3,,,1.2,62.2,4.0,0.9,,,13.0,0.7,0.7,5.0,1663,22,ENG,0.0,0.0,0.0,0.0,DF,26.0,Defender,9.0,7.0,1.2857142857142858,100.0,60.476190476190474,61.904761904761905,49.523809523809526,77.14285714285715,87.14285714285714,24.285714285714285,22.857142857142858,51.90476190476191,21.428571428571427,,,,,,,,,,,,50.7,60.476190476190474,61.904761904761905,49.523809523809526,77.14285714285715,87.14285714285714,67.2,24.285714285714285,22.857142857142858,51.90476190476191,21.428571428571427,30.1,,,,,,,,,,,,,,,,,,,,,,,5.0,True,4.0,True,,,,,,,,
Richarlison,Tottenham Hotspur,0.4,70.0,16.0,70.9,3.0,4.0,7.0,,,0.6,30.3,1.4,23.0,1.4,4.0,0.09,0.2,9.6,8.5,0.58,1.2,,,11.0,0.5,8.0,1.5,40.3,0.4,6.0,,,,,6.99,1.0,0.8,0.6,,,0.7,68.8,4.0,1.4,11.0,0.0,15.0,0.9,3.7,3.0,1492,28,BRA,17.7,11.0,0.66,0.0,FW,26.0,Forward,10.0,7.0,1.4285714285714286,100.0,,,,,,,,,,,19.753086419753085,34.810126582278485,62.65822784810127,12.025316455696203,90.50632911392405,88.60759493670885,91.77215189873418,89.24050632911393,48.10126582278481,72.8395061728395,61.0,,,,,,,,,,,,,,,,,,,,,,90.50632911392405,88.60759493670885,91.77215189873418,89.24050632911393,48.10126582278481,72.8395061728395,80.2,34.810126582278485,62.65822784810127,19.753086419753085,12.025316455696203,32.3,,,,,,,,,6.0,True,4.0,True
Robert Sánchez,Chelsea,,,,,,,,3.0,25.0,,,,,0.0,0.0,,,,,,,,,,,,,,,,,,,,,,,,,,,,,,,,,,,,1434,16,ESP,,,,0.0,GK,25.0,Goalkeeper,,,,,,,,,,,,,,,,,,,,,,,,,,,,,,,,,,,,,,,,,,,,,,,,,,,,,,,,,,,,,,,,,,,,,,
Rodri,Manchester City,7.4,80.6,102.9,92.5,8.0,9.0,2.0,,,1.3,75.0,1.2,40.0,6.1,9.0,0.19,0.3,4.1,4.7,0.12,1.3,,,8.0,0.8,26.0,0.7,35.5,0.2,8.0,,,1.0,1.1,8.12,6.0,1.0,4.0,,,1.3,61.4,9.0,6.1,8.0,0.0,49.0,1.5,1.9,8.0,2938,34,ESP,12.9,8.0,0.25,1.0,MF,27.0,Midfielder,10.0,7.0,1.4285714285714286,100.0,61.82795698924731,,45.69892473118279,,,100.0,98.9247311827957,100.0,,95.6989247311828,69.6078431372549,82.79569892473118,92.47311827956989,82.25806451612904,,,,,,,82.9,,,,,,,,,,,,61.82795698924731,45.69892473118279,95.6989247311828,67.7,69.6078431372549,82.79569892473118,92.47311827956989,100.0,82.25806451612904,85.4,,,,,,,,,,,,,,,,,3.0,True,5.0,True,,,,
Rodrigo Bentancur,Tottenham Hotspur,1.8,76.9,60.1,85.5,,,1.0,,,1.0,57.9,1.4,16.0,1.1,1.0,0.09,0.1,1.9,0.7,0.17,1.8,,,1.0,1.5,17.0,0.4,27.8,0.4,4.0,,,,,6.62,0.0,0.4,3.2,,,1.3,65.2,1.0,1.1,1.0,0.0,8.0,0.7,1.6,7.0,1007,23,URU,5.6,1.0,0.09,0.0,MF,26.0,Midfielder,10.0,7.0,1.4285714285714286,100.0,61.82795698924731,,91.39784946236558,,,89.24731182795699,60.215053763440864,59.67741935483871,,79.56989247311827,24.019607843137255,41.935483870967744,51.61290322580645,65.59139784946237,,,,,,,62.5,,,,,,,,,,,,61.82795698924731,91.39784946236558,79.56989247311827,77.6,24.019607843137255,41.935483870967744,51.61290322580645,89.24731182795699,65.59139784946237,54.5,,,,,,,,,,,,,,,,,3.0,True,5.0,True,,,,
Rodrigo Muniz,Fulham,0.4,63.6,7.7,62.1,2.0,1.0,4.0,,,0.3,27.8,1.1,20.0,0.9,1.0,0.05,0.1,8.7,8.7,0.49,1.4,,,9.0,0.3,6.0,1.5,37.0,0.2,3.0,,,,,6.84,2.0,0.6,1.1,,,0.2,42.9,1.0,0.9,9.0,0.0,18.0,1.0,4.1,1.0,1597,26,BRA,12.3,9.0,0.51,0.0,FW,22.0,Forward,10.0,7.0,1.4285714285714286,100.0,,,,,,,,,,,27.77777777777778,9.49367088607595,32.91139240506329,1.89873417721519,78.48101265822784,82.91139240506328,96.83544303797468,89.24050632911393,34.177215189873415,44.44444444444444,49.8,,,,,,,,,,,,,,,,,,,,,,78.48101265822784,82.91139240506328,96.83544303797468,89.24050632911393,34.177215189873415,44.44444444444444,71.0,9.49367088607595,32.91139240506329,27.77777777777778,1.89873417721519,18.0,,,,,,,,,6.0,True,4.0,True
Ross Barkley,Luton Town,3.0,60.3,40.9,84.5,6.0,4.0,1.0,,,2.3,66.0,1.6,48.0,2.7,4.0,0.09,0.1,4.1,4.6,0.14,0.9,,,5.0,0.9,25.0,0.7,28.8,0.3,9.0,,,,,7.32,2.0,0.8,3.5,,,0.7,40.4,4.0,2.7,5.0,0.0,44.0,1.5,2.3,6.0,2622,32,ENG,7.6,5.0,0.17,0.0,MF,29.0,Midfielder,10.0,7.0,1.4285714285714286,100.0,16.129032258064516,,52.68817204301075,,,60.215053763440864,53.76344086021505,87.63440860215054,,87.09677419354838,69.6078431372549,41.935483870967744,51.61290322580645,96.23655913978494,,,,,,,61.7,,,,,,,,,,,,16.129032258064516,52.68817204301075,87.09677419354838,52.0,69.6078431372549,41.935483870967744,51.61290322580645,60.215053763440864,96.23655913978494,63.9,,,,,,,,,,,,,,,,,3.0,True,5.0,True,,,,
Ruben Dias,Manchester City,3.0,60.4,86.4,94.1,1.0,0.0,3.0,,,,,2.6,75.0,1.9,0.0,0.07,0.0,1.4,0.8,0.05,0.8,,,,1.1,30.0,0.3,40.0,0.6,17.0,1.0,30.0,,,7.14,0.0,0.2,1.6,,,0.7,51.3,,,,,7.0,0.2,0.7,0.0,2557,30,POR,0.0,0.0,0.0,,DF,26.0,Defender,9.0,7.0,1.2857142857142858,100.0,13.333333333333334,12.857142857142856,62.38095238095238,41.904761904761905,54.761904761904766,99.04761904761905,98.09523809523809,78.0952380952381,90.47619047619048,,,,,,,,,,,,61.2,13.333333333333334,12.857142857142856,62.38095238095238,41.904761904761905,54.761904761904766,37.0,99.04761904761905,98.09523809523809,78.0952380952381,90.47619047619048,91.4,,,,,,,,,,,,,,,,,,,,,,,5.0,True,4.0,True,,,,,,,,
Ryan Christie,Bournemouth,2.7,54.0,29.8,79.3,10.0,5.0,,,,1.6,55.4,1.5,50.0,5.4,5.0,0.17,0.2,2.3,1.7,0.07,1.5,,,,1.6,52.0,0.4,30.2,0.3,11.0,1.0,37.0,,,7.08,3.0,0.7,3.8,,,1.4,51.2,5.0,5.4,,,55.0,1.7,1.3,6.0,2918,37,SCO,0.0,0.0,0.0,0.0,MF,28.0,Midfielder,10.0,7.0,1.4285714285714286,100.0,70.43010752688173,,94.6236559139785,,,33.33333333333333,22.58064516129032,82.25806451612904,,92.47311827956989,78.43137254901961,77.41935483870968,78.49462365591397,89.24731182795699,,,,,,,71.9,,,,,,,,,,,,70.43010752688173,94.6236559139785,92.47311827956989,85.8,78.43137254901961,77.41935483870968,78.49462365591397,33.33333333333333,89.24731182795699,71.4,,,,,,,,,,,,,,,,,3.0,True,5.0,True,,,,
Ryan Gravenberch,Liverpool,0.5,60.0,33.0,83.4,1.0,0.0,1.0,,,1.8,51.1,0.9,11.0,1.4,0.0,0.11,0.0,2.0,1.4,0.16,1.6,,,1.0,1.1,14.0,0.6,34.8,0.2,2.0,,,,,6.81,0.0,1.0,3.2,,,1.0,46.2,,,1.0,0.0,16.0,1.3,1.8,0.0,1121,26,NED,4.4,1.0,0.08,,MF,21.0,Midfielder,10.0,7.0,1.4285714285714286,100.0,37.096774193548384,,64.51612903225806,,,42.473118279569896,48.38709677419355,9.13978494623656,,79.56989247311827,60.29411764705882,55.376344086021504,17.741935483870968,93.01075268817203,,,,,,,50.8,,,,,,,,,,,,37.096774193548384,64.51612903225806,79.56989247311827,60.4,60.29411764705882,55.376344086021504,17.741935483870968,42.473118279569896,93.01075268817203,53.8,,,,,,,,,,,,,,,,,3.0,True,5.0,True,,,,
Ryan Yates,Nottingham Forest,1.3,44.6,29.7,80.3,2.0,1.0,2.0,,,0.2,50.0,1.8,39.0,0.6,1.0,0.03,0.0,3.0,1.7,0.14,2.4,,,1.0,1.0,21.0,0.3,21.9,0.7,15.0,,,,,6.64,1.0,0.4,2.2,,,1.8,59.1,1.0,0.6,1.0,0.0,7.0,0.3,1.5,6.0,1986,35,ENG,3.1,1.0,0.05,0.0,MF,25.0,Midfielder,10.0,7.0,1.4285714285714286,100.0,88.17204301075269,,58.06451612903226,,,32.25806451612903,29.03225806451613,37.634408602150536,,24.193548387096776,2.941176470588235,6.989247311827956,17.741935483870968,7.526881720430108,,,,,,,30.5,,,,,,,,,,,,88.17204301075269,58.06451612903226,24.193548387096776,56.8,2.941176470588235,6.989247311827956,17.741935483870968,32.25806451612903,7.526881720430108,13.5,,,,,,,,,,,,,,,,,3.0,True,5.0,True,,,,
Sam Johnstone,Crystal Palace,,,14.1,52.9,,,,6.0,27.0,,,0.7,13.0,0.0,0.0,0.0,0.0,,,,0.1,1.4,27.0,,0.1,1.0,,,,,1.0,20.0,,,6.56,3.0,,,2.1,41.0,,,,,,,,,,1.0,1797,20,ENG,,,,0.0,GK,30.0,Goalkeeper,,,,,,,,,,,,,,,,,,,,,,,,,,,,,,,,,,,,,,,,,,,,,,,,,,,,,,,,,,,,,,,,,,,,,,
Sander Berge,Burnley,2.5,71.6,41.2,88.8,5.0,2.0,2.0,,,0.6,55.6,1.7,58.0,1.6,2.0,0.05,0.1,1.9,0.4,0.06,1.2,,,1.0,0.7,23.0,0.1,12.0,0.6,20.0,,,,,6.88,1.0,0.5,3.0,,,1.4,60.5,2.0,1.6,1.0,0.0,29.0,0.9,0.7,8.0,3005,37,NOR,4.0,1.0,0.03,1.0,MF,25.0,Midfielder,10.0,7.0,1.4285714285714286,100.0,70.43010752688173,,35.483870967741936,,,61.29032258064516,82.79569892473118,76.88172043010752,,69.35483870967742,35.78431372549019,17.20430107526882,51.61290322580645,36.02150537634409,,,,,,,53.7,,,,,,,,,,,,70.43010752688173,35.483870967741936,69.35483870967742,58.4,35.78431372549019,17.20430107526882,51.61290322580645,61.29032258064516,36.02150537634409,40.4,,,,,,,,,,,,,,,,,3.0,True,5.0,True,,,,
Sasa Lukic,Fulham,0.9,52.4,34.4,87.5,,,2.0,,,0.4,62.5,1.4,18.0,0.5,0.0,0.04,0.0,1.6,1.4,0.13,2.2,,,1.0,1.3,16.0,0.2,23.1,0.4,5.0,,,,,6.62,0.0,0.1,3.0,,,1.5,57.6,,,1.0,0.0,11.0,0.9,1.0,3.0,1119,24,SRB,7.7,1.0,0.08,0.0,MF,26.0,Midfielder,10.0,7.0,1.4285714285714286,100.0,77.41935483870968,,83.33333333333334,,,46.236559139784944,73.11827956989248,18.27956989247312,,69.35483870967742,35.78431372549019,12.903225806451612,17.741935483870968,19.35483870967742,,,,,,,45.4,,,,,,,,,,,,77.41935483870968,83.33333333333334,69.35483870967742,76.7,35.78431372549019,12.903225806451612,17.741935483870968,46.236559139784944,19.35483870967742,26.4,,,,,,,,,,,,,,,,,3.0,True,5.0,True,,,,
Scott McTominay,Manchester United,0.9,60.0,24.9,81.5,2.0,1.0,6.0,,,0.4,44.4,2.6,54.0,0.5,1.0,0.02,0.0,5.7,6.1,0.27,1.4,,,7.0,0.7,14.0,0.9,43.2,0.6,12.0,1.0,32.0,,,6.88,1.0,0.1,2.4,,,1.2,51.0,1.0,0.5,7.0,0.0,11.0,0.5,2.1,2.0,1891,32,SCO,15.9,7.0,0.33,0.0,"MF,FW",26.0,Midfielder,10.0,7.0,1.4285714285714286,100.0,54.3010752688172,,35.483870967741936,,,19.35483870967742,37.634408602150536,18.27956989247312,,39.247311827956985,8.333333333333332,2.6881720430107525,17.741935483870968,19.35483870967742,,,,,,,25.2,,,,,,,,,,,,54.3010752688172,35.483870967741936,39.247311827956985,43.0,8.333333333333332,2.6881720430107525,17.741935483870968,19.35483870967742,19.35483870967742,13.5,,,,,,,,,,,,,,,,,3.0,True,5.0,True,,,,
Sean Longstaff,Newcastle United,1.4,53.7,32.1,80.9,5.0,2.0,7.0,,,0.4,50.0,0.7,22.0,3.0,2.0,0.1,0.1,6.6,6.2,0.22,0.8,,,6.0,0.6,17.0,0.5,36.6,0.2,7.0,,,,,6.98,0.0,0.5,2.0,,,1.0,55.6,2.0,3.0,6.0,0.0,20.0,0.7,1.3,7.0,2746,35,ENG,14.6,6.0,0.2,0.0,MF,25.0,Midfielder,10.0,7.0,1.4285714285714286,100.0,37.096774193548384,,25.806451612903224,,,38.70967741935484,32.25806451612903,43.54838709677419,,16.129032258064516,24.019607843137255,47.31182795698925,51.61290322580645,19.35483870967742,,,,,,,33.6,,,,,,,,,,,,37.096774193548384,25.806451612903224,16.129032258064516,26.3,24.019607843137255,47.31182795698925,51.61290322580645,38.70967741935484,19.35483870967742,36.2,,,,,,,,,,,,,,,,,3.0,True,5.0,True,,,,
Sergio Reguilon,Brentford,1.3,36.5,28.7,75.7,6.0,4.0,,,,0.9,51.6,2.2,38.0,2.9,4.0,0.17,0.2,0.9,0.1,0.06,0.8,,,,1.2,21.0,0.1,11.8,0.4,6.0,1.0,25.0,,,7.12,1.0,0.4,2.2,,,1.6,48.3,4.0,2.9,,,28.0,1.6,1.0,7.0,1534,25,ESP,0.0,0.0,0.0,1.0,DF,26.0,Defender,9.0,7.0,1.2857142857142858,100.0,87.61904761904762,6.666666666666667,71.9047619047619,23.333333333333332,32.857142857142854,24.285714285714285,10.952380952380953,26.666666666666668,30.952380952380953,,,,,,,,,,,,35.0,87.61904761904762,6.666666666666667,71.9047619047619,23.333333333333332,32.857142857142854,44.5,24.285714285714285,10.952380952380953,26.666666666666668,30.952380952380953,23.2,,,,,,,,,,,,,,,,,,,,,,,5.0,True,4.0,True,,,,,,,,
Simon Adingra,Brighton and Hove Albion,0.6,42.4,24.5,81.1,6.0,1.0,4.0,,,2.0,43.9,0.9,22.0,3.5,1.0,0.14,0.0,4.3,6.4,0.17,1.2,,,6.0,0.8,19.0,0.9,42.3,0.0,1.0,,,1.0,0.8,7.09,3.0,0.7,1.9,,,0.8,44.4,1.0,3.5,6.0,0.0,33.0,1.3,2.1,3.0,2230,31,CIV,11.5,6.0,0.24,0.0,FW,21.0,Forward,10.0,7.0,1.4285714285714286,100.0,,,,,,,,,,,55.55555555555556,56.9620253164557,7.59493670886076,84.17721518987342,29.11392405063291,10.759493670886076,29.746835443037973,37.9746835443038,55.69620253164557,38.2716049382716,40.6,,,,,,,,,,,,,,,,,,,,,,29.11392405063291,10.759493670886076,29.746835443037973,37.9746835443038,55.69620253164557,38.2716049382716,33.6,56.9620253164557,7.59493670886076,55.55555555555556,84.17721518987342,51.1,,,,,,,,,6.0,True,4.0,True
Sofyan Amrabat,Manchester United,3.4,79.5,54.9,88.1,,,,,,0.6,75.0,1.8,19.0,0.4,0.0,0.04,0.0,0.1,,0.01,2.3,,,,0.8,8.0,,,0.7,7.0,,,,,,,0.5,2.6,,,1.5,59.3,,,,,6.0,0.6,0.3,6.0,931,21,MAR,0.0,0.0,0.0,0.0,"MF,DF",26.0,Midfielder,10.0,7.0,1.4285714285714286,100.0,77.41935483870968,,45.69892473118279,,,82.79569892473118,77.41935483870968,90.32258064516128,,52.1505376344086,15.686274509803921,12.903225806451612,17.741935483870968,36.02150537634409,,,,,,,50.8,,,,,,,,,,,,77.41935483870968,45.69892473118279,52.1505376344086,58.4,15.686274509803921,12.903225806451612,17.741935483870968,82.79569892473118,36.02150537634409,33.0,,,,,,,,,,,,,,,,,3.0,True,5.0,True,,,,
Sven Botman,Newcastle United,,,,,2.0,2.0,,,,,,,,0.6,2.0,,,0.6,0.8,,,,,,,,,,,,1.0,17.0,,,,,,,,,,,2.0,0.6,2.0,0.0,5.0,0.3,,,1378,17,NED,,2.0,,0.0,DF,23.0,Defender,0.0,7.0,0.0,0.0,,,,,,,,,,,,,,,,,,,,,,,,,,,,,,,,,,,,,,,,,,,,,,,,,,,,,,,0.0,False,0.0,False,,,,,,,,
Tahith Chong,Luton Town,0.7,45.5,18.5,81.8,,,1.0,,,1.1,43.9,0.5,10.0,1.4,0.0,0.06,0.0,2.7,2.7,0.12,1.0,,,4.0,0.4,8.0,0.3,22.6,0.3,6.0,,,,,6.57,0.0,0.5,2.1,,,1.0,61.1,,,4.0,0.0,10.0,0.5,1.4,4.0,1986,33,NED,12.9,4.0,0.18,0.0,"MF,FW",23.0,Midfielder,10.0,7.0,1.4285714285714286,100.0,37.096774193548384,,9.13978494623656,,,6.989247311827956,39.784946236559136,13.978494623655912,,19.892473118279568,8.333333333333332,20.43010752688172,17.741935483870968,69.89247311827957,,,,,,,24.3,,,,,,,,,,,,37.096774193548384,9.13978494623656,19.892473118279568,22.0,8.333333333333332,20.43010752688172,17.741935483870968,6.989247311827956,69.89247311827957,24.7,,,,,,,,,,,,,,,,,3.0,True,5.0,True,,,,
Taiwo Awoniyi,Nottingham Forest,0.2,66.7,10.9,73.8,2.0,3.0,4.0,,,0.7,53.3,0.8,9.0,0.9,3.0,0.08,0.3,4.7,5.4,0.41,0.8,,,6.0,0.1,1.0,0.9,50.0,0.2,2.0,,,,,,,0.5,1.6,,,0.6,77.8,3.0,0.9,6.0,0.0,10.0,0.9,1.9,2.0,1046,20,NGA,27.3,6.0,0.52,0.0,FW,25.0,Forward,10.0,7.0,1.4285714285714286,100.0,,,,,,,,,,,19.753086419753085,30.37974683544304,81.64556962025317,18.354430379746837,81.64556962025317,68.9873417721519,15.822784810126583,37.9746835443038,84.17721518987342,96.29629629629629,53.5,,,,,,,,,,,,,,,,,,,,,,81.64556962025317,68.9873417721519,15.822784810126583,37.9746835443038,84.17721518987342,96.29629629629629,64.2,30.37974683544304,81.64556962025317,19.753086419753085,18.354430379746837,37.5,,,,,,,,,6.0,True,4.0,True
Takehiro Tomiyasu,Arsenal,1.3,42.1,40.9,85.5,,,3.0,,,0.3,36.4,2.4,30.0,0.8,1.0,0.07,0.1,1.6,1.0,0.12,1.1,,,2.0,1.4,18.0,0.2,17.6,0.3,4.0,,,,,6.83,0.0,0.6,1.4,,,0.7,45.0,1.0,0.8,2.0,0.0,6.0,0.5,1.3,0.0,1143,22,JPN,11.8,2.0,0.16,1.0,DF,24.0,Defender,9.0,7.0,1.2857142857142858,100.0,13.333333333333334,4.761904761904762,85.23809523809524,33.33333333333333,20.952380952380953,55.23809523809524,62.38095238095238,26.666666666666668,51.42857142857142,,,,,,,,,,,,39.3,13.333333333333334,4.761904761904762,85.23809523809524,33.33333333333333,20.952380952380953,31.5,55.23809523809524,62.38095238095238,26.666666666666668,51.42857142857142,48.9,,,,,,,,,,,,,,,,,,,,,,,5.0,True,4.0,True,,,,,,,,
Tariq Lamptey,Brighton and Hove Albion,0.7,63.6,32.2,87.9,1.0,3.0,1.0,,,0.6,42.9,0.5,5.0,0.8,3.0,0.08,0.3,0.6,,0.06,1.1,,,,0.6,6.0,,,0.3,3.0,1.0,19.0,,,,,0.3,1.0,,,1.4,66.7,3.0,0.8,,,10.0,1.0,0.6,3.0,912,19,GHA,0.0,0.0,0.0,0.0,"DF,FW",22.0,Defender,9.0,7.0,1.2857142857142858,100.0,77.61904761904762,85.71428571428571,7.142857142857142,0.9523809523809524,20.952380952380953,34.285714285714285,76.66666666666667,2.380952380952381,96.19047619047619,,,,,,,,,,,,44.7,77.61904761904762,85.71428571428571,7.142857142857142,0.9523809523809524,20.952380952380953,38.5,34.285714285714285,76.66666666666667,2.380952380952381,96.19047619047619,52.4,,,,,,,,,,,,,,,,,,,,,,,5.0,True,4.0,True,,,,,,,,
Teden Mengi,Luton Town,2.6,38.9,26.5,78.2,,,1.0,,,0.3,70.0,5.0,136.0,0.6,0.0,0.02,0.0,0.6,1.0,0.02,1.3,,,1.0,2.1,57.0,0.1,36.4,1.0,27.0,1.0,30.0,,,6.54,0.0,0.1,2.0,,,0.8,40.7,,,1.0,0.0,6.0,0.2,0.4,3.0,2470,30,ENG,9.1,1.0,0.04,0.0,DF,21.0,Defender,9.0,7.0,1.2857142857142858,100.0,24.761904761904763,1.9047619047619049,98.57142857142858,92.85714285714286,87.14285714285714,18.095238095238095,27.61904761904762,73.33333333333333,40.95238095238095,,,,,,,,,,,,51.7,24.761904761904763,1.9047619047619049,98.57142857142858,92.85714285714286,87.14285714285714,61.0,18.095238095238095,27.61904761904762,73.33333333333333,40.95238095238095,40.0,,,,,,,,,,,,,,,,,,,,,,,5.0,True,4.0,True,,,,,,,,
Thiago Silva,Chelsea,3.4,65.8,77.0,94.9,3.0,1.0,,,,0.1,100.0,5.3,150.0,0.6,1.0,0.02,0.0,0.8,1.1,0.03,0.4,,,3.0,0.9,26.0,0.1,28.6,0.9,24.0,,,,,7.01,0.0,,,,,0.5,51.7,1.0,0.6,3.0,0.0,9.0,0.3,0.5,4.0,2527,31,BRA,21.4,3.0,0.11,0.0,DF,38.0,Defender,9.0,7.0,1.2857142857142858,100.0,2.380952380952381,14.285714285714285,35.23809523809524,95.71428571428572,78.57142857142857,96.19047619047619,100.0,85.23809523809524,97.14285714285714,,,,,,,,,,,,67.2,2.380952380952381,14.285714285714285,35.23809523809524,95.71428571428572,78.57142857142857,45.2,96.19047619047619,100.0,85.23809523809524,97.14285714285714,94.6,,,,,,,,,,,,,,,,,,,,,,,5.0,True,4.0,True,,,,,,,,
Thomas Doyle,Wolverhampton Wanderers,5.6,57.3,58.4,86.4,1.0,0.0,,,,0.1,50.0,1.3,17.0,0.9,0.0,0.07,0.0,0.4,0.7,0.03,0.8,,,,0.9,12.0,0.2,21.4,0.7,9.0,,,,,6.67,0.0,0.4,3.6,,,1.0,50.0,,,,,8.0,0.6,1.0,2.0,1213,26,ENG,0.0,0.0,0.0,0.0,MF,21.0,Midfielder,10.0,7.0,1.4285714285714286,100.0,37.096774193548384,,52.68817204301075,,,86.55913978494624,64.51612903225806,98.9247311827957,,89.24731182795699,15.686274509803921,25.268817204301076,17.741935483870968,2.6881720430107525,,,,,,,49.0,,,,,,,,,,,,37.096774193548384,52.68817204301075,89.24731182795699,59.7,15.686274509803921,25.268817204301076,17.741935483870968,86.55913978494624,2.6881720430107525,29.6,,,,,,,,,,,,,,,,,3.0,True,5.0,True,,,,
Thomas Kaminski,Luton Town,,,19.1,55.0,,,,2.0,85.0,0.1,100.0,0.6,22.0,0.1,0.0,0.0,0.0,,,,,2.2,85.0,,,,,,,,,,,,6.47,1.0,0.0,0.1,3.8,145.0,0.0,50.0,,,,,1.0,0.0,,,3406,38,BEL,,,,0.0,GK,30.0,Goalkeeper,,,,,,,,,,,,,,,,,,,,,,,,,,,,,,,,,,,,,,,,,,,,,,,,,,,,,,,,,,,,,,,,,,,,,,
Tim Ream,Fulham,,,,,,,,,,,,,,0.1,0.0,,,1.0,1.0,,,,,,,,,,,,2.0,18.0,,,,,,,,,,,,,1.0,0.0,,,,2.0,1504,18,USA,,1.0,,1.0,DF,35.0,Defender,0.0,7.0,0.0,0.0,,,,,,,,,,,,,,,,,,,,,,,,,,,,,,,,,,,,,,,,,,,,,,,,,,,,,,,0.0,False,0.0,False,,,,,,,,
Timothy Castagne,Fulham,1.7,43.6,37.5,81.3,1.0,3.0,1.0,,,0.6,63.0,1.9,57.0,1.8,3.0,0.06,0.1,1.6,0.7,0.06,0.8,,,1.0,1.3,38.0,0.2,35.7,0.3,10.0,,,,,6.86,0.0,0.3,1.3,,,0.8,49.0,3.0,1.8,1.0,0.0,18.0,0.6,0.5,3.0,2633,34,BEL,7.1,1.0,0.03,0.0,DF,27.0,Defender,9.0,7.0,1.2857142857142858,100.0,24.761904761904763,9.523809523809524,79.04761904761905,15.714285714285714,20.952380952380953,47.61904761904761,42.857142857142854,44.761904761904766,61.904761904761905,,,,,,,,,,,,38.6,24.761904761904763,9.523809523809524,79.04761904761905,15.714285714285714,20.952380952380953,30.0,47.61904761904761,42.857142857142854,44.761904761904766,61.904761904761905,49.3,,,,,,,,,,,,,,,,,,,,,,,5.0,True,4.0,True,,,,,,,,
Tom Cairney,Fulham,2.5,58.6,68.4,90.3,5.0,4.0,,,,1.6,83.9,0.4,6.0,2.5,4.0,0.15,0.2,1.1,1.5,0.07,1.0,,,1.0,0.8,13.0,0.5,47.1,0.2,4.0,,,1.0,1.4,6.88,1.0,0.7,3.1,,,1.0,66.7,4.0,2.5,1.0,0.0,26.0,1.6,1.0,3.0,1475,34,SCO,5.9,1.0,0.06,0.0,MF,32.0,Midfielder,10.0,7.0,1.4285714285714286,100.0,37.096774193548384,,45.69892473118279,,,93.54838709677419,90.32258064516128,76.88172043010752,,75.26881720430107,74.50980392156863,70.96774193548387,78.49462365591397,89.24731182795699,,,,,,,73.2,,,,,,,,,,,,37.096774193548384,45.69892473118279,75.26881720430107,52.7,74.50980392156863,70.96774193548387,78.49462365591397,93.54838709677419,89.24731182795699,81.4,,,,,,,,,,,,,,,,,3.0,True,5.0,True,,,,
Tom Lockyer,Luton Town,,,,,1.0,1.0,2.0,,,,,,,0.3,1.0,,,1.1,0.9,,,,,,,,,,,,1.0,14.0,,,,,,,,,,,1.0,0.3,1.0,0.0,3.0,0.2,,,1171,14,WAL,14.3,1.0,,0.0,DF,28.0,Defender,0.0,7.0,0.0,0.0,,,,,,,,,,,,,,,,,,,,,,,,,,,,,,,,,,,,,,,,,,,,,,,,,,,,,,,0.0,False,0.0,False,,,,,,,,
Tomas Soucek,West Ham United,1.0,44.9,22.5,75.7,4.0,2.0,11.0,,,0.1,36.4,3.4,107.0,1.2,2.0,0.04,0.1,6.9,6.9,0.22,1.3,,,7.0,1.2,37.0,0.5,34.9,0.9,28.0,1.0,37.0,,,6.95,0.0,0.2,2.3,,,1.1,66.0,2.0,1.2,7.0,0.0,20.0,0.6,1.3,7.0,2874,37,CZE,16.3,7.0,0.22,0.0,MF,28.0,Midfielder,10.0,7.0,1.4285714285714286,100.0,47.8494623655914,,73.11827956989248,,,12.903225806451612,9.67741935483871,22.58064516129032,,30.64516129032258,15.686274509803921,12.903225806451612,51.61290322580645,2.6881720430107525,,,,,,,28.0,,,,,,,,,,,,47.8494623655914,73.11827956989248,30.64516129032258,50.5,15.686274509803921,12.903225806451612,51.61290322580645,12.903225806451612,2.6881720430107525,19.2,,,,,,,,,,,,,,,,,3.0,True,5.0,True,,,,
Tosin Adarabioyo,Fulham,4.0,52.6,57.1,84.7,,,1.0,,,0.1,100.0,4.5,80.0,0.3,0.0,0.02,0.0,0.7,1.1,0.04,0.6,,,2.0,1.4,25.0,0.3,35.7,0.6,11.0,,,,,,,,,,,0.6,52.4,,,2.0,0.0,2.0,0.1,0.8,2.0,1617,20,ENG,14.3,2.0,0.11,0.0,DF,25.0,Defender,9.0,7.0,1.2857142857142858,100.0,5.238095238095238,16.19047619047619,85.23809523809524,82.85714285714286,54.761904761904766,81.9047619047619,60.0,90.95238095238095,79.04761904761905,,,,,,,,,,,,61.8,5.238095238095238,16.19047619047619,85.23809523809524,82.85714285714286,54.761904761904766,48.9,81.9047619047619,60.0,90.95238095238095,79.04761904761905,78.0,,,,,,,,,,,,,,,,,,,,,,,5.0,True,4.0,True,,,,,,,,
Toti Gomes,Wolverhampton Wanderers,1.5,28.0,46.0,82.8,2.0,3.0,3.0,,,0.7,82.1,2.8,87.0,0.6,3.0,0.02,0.1,1.6,1.3,0.05,1.2,,,1.0,0.8,26.0,0.2,50.0,0.6,19.0,,,,,6.9,0.0,0.2,1.5,,,0.8,56.8,3.0,0.6,1.0,0.0,6.0,0.2,0.3,7.0,2774,35,POR,10.0,1.0,0.03,0.0,DF,24.0,Defender,9.0,7.0,1.2857142857142858,100.0,24.761904761904763,31.428571428571427,22.857142857142858,51.42857142857142,54.761904761904766,64.76190476190476,47.61904761904761,35.23809523809524,6.666666666666667,,,,,,,,,,,,37.7,24.761904761904763,31.428571428571427,22.857142857142858,51.42857142857142,54.761904761904766,37.0,64.76190476190476,47.61904761904761,35.23809523809524,6.666666666666667,38.6,,,,,,,,,,,,,,,,,,,,,,,5.0,True,4.0,True,,,,,,,,
Trent Alexander-Arnold,Liverpool,6.1,44.4,55.9,79.6,17.0,4.0,2.0,,,1.2,57.1,1.8,42.0,6.1,4.0,0.25,0.2,2.6,1.7,0.11,0.4,,,3.0,1.3,31.0,0.3,17.0,0.1,2.0,,,,,7.57,4.0,0.6,3.4,,,1.1,66.7,4.0,6.1,3.0,0.0,64.0,2.7,2.0,6.0,2159,28,ENG,6.4,3.0,0.13,0.0,DF,24.0,Defender,9.0,7.0,1.2857142857142858,100.0,52.85714285714286,85.71428571428571,79.04761904761905,12.380952380952381,2.857142857142857,78.0952380952381,34.285714285714285,100.0,63.8095238095238,,,,,,,,,,,,56.6,52.85714285714286,85.71428571428571,79.04761904761905,12.380952380952381,2.857142857142857,46.6,78.0952380952381,34.285714285714285,100.0,63.8095238095238,69.0,,,,,,,,,,,,,,,,,,,,,,,5.0,True,4.0,True,,,,,,,,
Trevoh Chalobah,Chelsea,,,,,,,,,,,,,,0.4,0.0,,,0.2,0.3,,,,,,,,,,,,,,,,,,,,,,,,,,1.0,0.0,2.0,0.2,,,950,13,ENG,,1.0,,0.0,DF,24.0,Defender,0.0,7.0,0.0,0.0,,,,,,,,,,,,,,,,,,,,,,,,,,,,,,,,,,,,,,,,,,,,,,,,,,,,,,,0.0,False,0.0,False,,,,,,,,
Tyrick Mitchell,Crystal Palace,1.0,31.8,25.1,74.2,5.0,3.0,2.0,,,0.5,51.4,2.4,86.0,2.4,3.0,0.07,0.1,1.6,1.3,0.05,0.6,,,2.0,0.7,26.0,0.1,33.3,0.3,10.0,,,,,7.07,0.0,0.3,2.0,,,1.7,57.1,3.0,2.4,2.0,0.0,24.0,0.7,0.3,6.0,3208,37,ENG,16.7,2.0,0.06,0.0,"DF,MF",23.0,Defender,9.0,7.0,1.2857142857142858,100.0,91.42857142857143,33.80952380952381,13.80952380952381,33.33333333333333,20.952380952380953,12.857142857142856,6.666666666666667,13.333333333333334,13.80952380952381,,,,,,,,,,,,26.7,91.42857142857143,33.80952380952381,13.80952380952381,33.33333333333333,20.952380952380953,38.7,12.857142857142856,6.666666666666667,13.333333333333334,13.80952380952381,11.7,,,,,,,,,,,,,,,,,,,,,,,5.0,True,4.0,True,,,,,,,,
Valentino Livramento,Newcastle United,0.9,37.1,40.4,86.8,1.0,0.0,1.0,,,1.2,68.0,2.6,37.0,0.8,0.0,0.06,0.0,0.4,1.1,0.03,0.2,,,1.0,1.7,25.0,0.1,50.0,0.5,7.0,,,,,6.72,0.0,0.3,2.2,,,0.9,56.5,,,1.0,0.0,12.0,0.8,0.3,1.0,1305,26,ENG,25.0,1.0,0.07,0.0,DF,20.0,Defender,9.0,7.0,1.2857142857142858,100.0,34.76190476190476,30.476190476190478,97.14285714285714,41.904761904761905,45.23809523809524,53.333333333333336,71.42857142857143,9.523809523809524,32.38095238095238,,,,,,,,,,,,46.2,34.76190476190476,30.476190476190478,97.14285714285714,41.904761904761905,45.23809523809524,49.9,53.333333333333336,71.42857142857143,9.523809523809524,32.38095238095238,41.7,,,,,,,,,,,,,,,,,,,,,,,5.0,True,4.0,True,,,,,,,,
Victor Nilsson Lindelöf,Manchester United,1.8,49.1,53.0,89.5,,,,,,0.1,100.0,2.6,38.0,0.4,1.0,0.03,0.1,0.8,1.0,0.05,1.0,,,1.0,0.8,12.0,0.3,66.7,0.6,9.0,,,,,,,0.2,1.8,,,0.7,66.7,1.0,0.4,1.0,0.0,8.0,0.5,0.4,2.0,1332,19,SWE,16.7,1.0,0.07,0.0,DF,29.0,Defender,9.0,7.0,1.2857142857142858,100.0,13.333333333333334,85.71428571428571,22.857142857142858,41.904761904761905,54.761904761904766,75.23809523809524,85.71428571428571,47.61904761904761,74.28571428571429,,,,,,,,,,,,55.7,13.333333333333334,85.71428571428571,22.857142857142858,41.904761904761905,54.761904761904766,43.7,75.23809523809524,85.71428571428571,47.61904761904761,74.28571428571429,70.7,,,,,,,,,,,,,,,,,,,,,,,5.0,True,4.0,True,,,,,,,,
Vinicius de Souza Costa,Sheffield United,1.3,42.4,26.5,80.3,,,,,,0.6,60.7,2.5,75.0,0.5,0.0,0.02,0.0,1.1,2.3,0.04,1.6,,,1.0,1.1,32.0,0.2,42.9,0.6,17.0,1.0,36.0,,,6.82,1.0,0.2,2.4,,,2.6,60.8,,,1.0,0.0,4.0,0.1,0.5,3.0,2672,36,BRA,7.1,1.0,0.03,0.0,MF,24.0,Midfielder,10.0,7.0,1.4285714285714286,100.0,100.0,,64.51612903225806,,,23.655913978494624,29.03225806451613,37.634408602150536,,39.247311827956985,0.9803921568627451,2.6881720430107525,17.741935483870968,36.02150537634409,,,,,,,35.2,,,,,,,,,,,,100.0,64.51612903225806,39.247311827956985,67.9,0.9803921568627451,2.6881720430107525,17.741935483870968,23.655913978494624,36.02150537634409,16.2,,,,,,,,,,,,,,,,,3.0,True,5.0,True,,,,
Virgil van Dijk,Liverpool,4.4,62.4,74.4,91.5,3.0,2.0,3.0,,,0.1,50.0,4.0,142.0,1.0,2.0,0.03,0.1,2.9,2.3,0.08,0.7,,,2.0,1.1,39.0,0.4,31.1,1.0,34.0,,,,,7.39,0.0,0.0,2.4,,,0.7,57.5,2.0,1.0,2.0,0.0,11.0,0.3,1.3,3.0,3178,36,NED,4.4,2.0,0.06,1.0,DF,32.0,Defender,9.0,7.0,1.2857142857142858,100.0,13.333333333333334,37.142857142857146,62.38095238095238,77.14285714285715,87.14285714285714,94.28571428571428,89.52380952380953,94.28571428571428,92.38095238095238,,,,,,,,,,,,72.0,13.333333333333334,37.142857142857146,62.38095238095238,77.14285714285715,87.14285714285714,55.4,94.28571428571428,89.52380952380953,94.28571428571428,92.38095238095238,92.6,,,,,,,,,,,,,,,,,,,,,,,5.0,True,4.0,True,,,,,,,,
Vitalii Mykolenko,Everton,2.0,40.3,24.1,74.9,2.0,0.0,1.0,,,0.7,62.1,3.0,82.0,1.1,0.0,0.04,0.0,1.5,1.6,0.06,0.8,,,2.0,1.3,36.0,0.2,19.2,0.4,11.0,,,,,7.06,2.0,0.1,2.0,,,1.4,55.1,,,2.0,0.0,13.0,0.5,0.9,1.0,2471,28,UKR,7.7,2.0,0.07,0.0,DF,24.0,Defender,9.0,7.0,1.2857142857142858,100.0,77.61904761904762,25.71428571428571,79.04761904761905,60.476190476190474,32.857142857142854,9.523809523809524,7.6190476190476195,57.14285714285714,47.61904761904761,,,,,,,,,,,,44.2,77.61904761904762,25.71428571428571,79.04761904761905,60.476190476190474,32.857142857142854,55.1,9.523809523809524,7.6190476190476195,57.14285714285714,47.61904761904761,30.5,,,,,,,,,,,,,,,,,,,,,,,5.0,True,4.0,True,,,,,,,,
Vitaly Janelt,Brentford,1.8,45.5,30.6,79.9,5.0,3.0,2.0,,,0.2,53.3,1.7,57.0,3.7,3.0,0.11,0.1,1.8,2.3,0.05,0.8,,,1.0,1.1,36.0,0.2,33.3,0.3,9.0,,,1.0,0.8,7.08,1.0,0.5,2.6,,,1.1,60.3,3.0,3.7,1.0,0.0,37.0,1.1,0.6,8.0,3069,38,GER,4.8,1.0,0.03,0.0,"MF,DF",25.0,Midfielder,10.0,7.0,1.4285714285714286,100.0,47.8494623655914,,64.51612903225806,,,35.483870967741936,25.806451612903224,59.67741935483871,,52.1505376344086,51.470588235294116,55.376344086021504,51.61290322580645,7.526881720430108,,,,,,,45.1,,,,,,,,,,,,47.8494623655914,64.51612903225806,52.1505376344086,54.8,51.470588235294116,55.376344086021504,51.61290322580645,35.483870967741936,7.526881720430108,40.3,,,,,,,,,,,,,,,,,3.0,True,5.0,True,,,,
Vitinho,Burnley,1.0,42.6,22.7,77.1,1.0,2.0,2.0,,,1.0,50.0,1.7,43.0,1.2,2.0,0.05,0.1,1.6,0.6,0.06,1.0,,,,0.5,12.0,0.2,16.0,0.2,6.0,2.0,32.0,1.0,1.1,6.44,0.0,0.4,1.7,,,1.3,53.1,2.0,1.2,,,11.0,0.4,1.0,1.0,2316,32,BRA,0.0,0.0,0.0,0.0,"DF,MF",24.0,Defender,9.0,7.0,1.2857142857142858,100.0,69.04761904761905,18.095238095238095,1.9047619047619049,9.523809523809524,10.476190476190476,6.666666666666667,19.047619047619047,13.333333333333334,54.285714285714285,,,,,,,,,,,,22.5,69.04761904761905,18.095238095238095,1.9047619047619049,9.523809523809524,10.476190476190476,21.8,6.666666666666667,19.047619047619047,13.333333333333334,54.285714285714285,23.3,,,,,,,,,,,,,,,,,,,,,,,5.0,True,4.0,True,,,,,,,,
Vladimir Coufal,West Ham United,1.1,25.0,25.7,73.0,6.0,7.0,,,,0.3,38.7,2.4,83.0,3.0,7.0,0.09,0.2,0.3,0.5,0.01,0.9,,,,1.2,43.0,0.1,25.0,0.4,15.0,1.0,36.0,,,6.73,0.0,0.2,1.3,,,1.2,64.1,7.0,3.0,,,33.0,0.9,0.2,5.0,3136,36,CZE,0.0,0.0,0.0,1.0,DF,30.0,Defender,9.0,7.0,1.2857142857142858,100.0,60.476190476190474,74.28571428571429,71.9047619047619,33.33333333333333,32.857142857142854,16.19047619047619,5.238095238095238,18.571428571428573,2.857142857142857,,,,,,,,,,,,35.1,60.476190476190474,74.28571428571429,71.9047619047619,33.33333333333333,32.857142857142854,54.6,16.19047619047619,5.238095238095238,18.571428571428573,2.857142857142857,10.7,,,,,,,,,,,,,,,,,,,,,,,5.0,True,4.0,True,,,,,,,,
Wataru Endo,Liverpool,1.5,57.1,60.4,88.4,2.0,0.0,,,,0.5,66.7,1.6,30.0,1.5,0.0,0.08,0.0,0.5,1.2,0.03,2.6,,,1.0,1.0,20.0,0.2,30.0,0.1,2.0,,,,,6.96,0.0,0.3,3.6,,,1.5,58.3,,,1.0,0.0,16.0,0.8,0.5,10.0,1719,29,JPN,10.0,1.0,0.05,0.0,MF,30.0,Midfielder,10.0,7.0,1.4285714285714286,100.0,77.41935483870968,,58.06451612903226,,,90.32258064516128,78.49462365591397,47.8494623655914,,89.24731182795699,29.901960784313726,33.33333333333333,17.741935483870968,27.956989247311824,,,,,,,55.0,,,,,,,,,,,,77.41935483870968,58.06451612903226,89.24731182795699,74.9,29.901960784313726,33.33333333333333,17.741935483870968,90.32258064516128,27.956989247311824,39.9,,,,,,,,,,,,,,,,,3.0,True,5.0,True,,,,
Wesley Foderingham,Sheffield United,,,16.9,52.6,,,,1.0,79.0,0.1,100.0,1.0,29.0,0.1,0.0,0.0,0.0,,,,0.0,2.7,79.0,,,,,,,,,,,,6.44,1.0,,,4.5,133.0,0.1,60.0,,,,,1.0,0.0,,2.0,2648,30,ENG,,,,0.0,GK,32.0,Goalkeeper,,,,,,,,,,,,,,,,,,,,,,,,,,,,,,,,,,,,,,,,,,,,,,,,,,,,,,,,,,,,,,,,,,,,,,
Will Hughes,Crystal Palace,0.5,27.8,34.2,85.2,2.0,1.0,,,,0.4,75.0,0.9,20.0,1.8,1.0,0.08,0.0,0.3,0.3,0.02,1.8,,,,1.0,22.0,0.1,37.5,0.7,14.0,,,,,6.78,0.0,0.6,2.9,,,1.6,54.1,1.0,1.8,,,21.0,1.0,0.4,6.0,1899,30,ENG,0.0,0.0,0.0,0.0,MF,28.0,Midfielder,10.0,7.0,1.4285714285714286,100.0,83.87096774193549,,58.06451612903226,,,45.16129032258064,56.98924731182796,9.13978494623656,,61.82795698924731,44.11764705882353,33.33333333333333,17.741935483870968,19.35483870967742,,,,,,,43.0,,,,,,,,,,,,83.87096774193549,58.06451612903226,61.82795698924731,67.9,44.11764705882353,33.33333333333333,17.741935483870968,45.16129032258064,19.35483870967742,31.9,,,,,,,,,,,,,,,,,3.0,True,5.0,True,,,,
William Saliba,Arsenal,1.8,54.0,69.2,92.6,,,1.0,,,0.3,71.4,2.1,78.0,0.9,1.0,0.02,0.0,1.6,1.4,0.04,0.6,,,2.0,0.8,29.0,0.1,40.0,0.4,17.0,1.0,38.0,,,7.27,1.0,0.2,2.8,,,0.7,63.4,1.0,0.9,2.0,0.0,6.0,0.2,0.3,4.0,3420,38,FRA,20.0,2.0,0.05,0.0,DF,22.0,Defender,9.0,7.0,1.2857142857142858,100.0,13.333333333333334,70.47619047619048,22.857142857142858,20.952380952380953,32.857142857142854,89.52380952380953,94.28571428571428,47.61904761904761,81.9047619047619,,,,,,,,,,,,52.6,13.333333333333334,70.47619047619048,22.857142857142858,20.952380952380953,32.857142857142854,32.1,89.52380952380953,94.28571428571428,47.61904761904761,81.9047619047619,78.3,,,,,,,,,,,,,,,,,,,,,,,5.0,True,4.0,True,,,,,,,,
Willian,Fulham,2.6,81.1,39.7,85.5,6.0,2.0,3.0,,,1.3,53.7,0.4,10.0,4.5,2.0,0.2,0.1,5.1,6.1,0.23,0.4,,,4.0,0.4,9.0,0.8,40.0,,,,,,,6.99,2.0,0.5,2.1,,,0.5,61.1,2.0,4.5,4.0,2.0,44.0,1.9,2.0,1.0,2054,31,BRA,8.9,4.0,0.18,0.0,FW,34.0,Forward,10.0,7.0,1.4285714285714286,100.0,,,,,,,,,,,81.48148148148148,79.11392405063292,32.91139240506329,50.0,13.924050632911392,28.48101265822785,22.151898734177212,25.949367088607595,46.20253164556962,18.51851851851852,39.9,,,,,,,,,,,,,,,,,,,,,,13.924050632911392,28.48101265822785,22.151898734177212,25.949367088607595,46.20253164556962,18.51851851851852,25.9,79.11392405063292,32.91139240506329,81.48148148148148,50.0,60.9,,,,,,,,,6.0,True,4.0,True
Willy Boly,Nottingham Forest,1.9,32.6,29.4,77.1,4.0,1.0,2.0,,,0.2,60.0,5.4,86.0,0.8,1.0,0.05,0.1,1.5,2.5,0.09,1.2,,,2.0,1.6,25.0,0.4,42.9,1.3,21.0,,,,,7.07,0.0,0.1,1.1,,,1.8,63.0,1.0,0.8,2.0,0.0,9.0,0.6,0.9,1.0,1443,20,CIV,14.3,2.0,0.12,1.0,DF,32.0,Defender,9.0,7.0,1.2857142857142858,100.0,93.80952380952381,68.0952380952381,95.71428571428572,97.14285714285714,97.61904761904762,26.666666666666668,19.047619047619047,51.90476190476191,19.047619047619047,,,,,,,,,,,,63.2,93.80952380952381,68.0952380952381,95.71428571428572,97.14285714285714,97.61904761904762,90.5,26.666666666666668,19.047619047619047,51.90476190476191,19.047619047619047,29.2,,,,,,,,,,,,,,,,,,,,,,,5.0,True,4.0,True,,,,,,,,
Wilson Odobert,Burnley,0.4,56.3,18.5,79.4,7.0,2.0,2.0,,,2.3,52.0,0.5,12.0,3.6,2.0,0.15,0.1,2.8,2.4,0.12,0.4,,,3.0,0.3,6.0,0.6,28.6,0.1,2.0,,,,,6.86,0.0,0.6,1.6,,,0.6,76.5,2.0,3.6,3.0,0.0,31.0,1.3,2.1,3.0,2107,29,FRA,6.1,3.0,0.13,0.0,"MF,FW",18.0,Midfielder,10.0,7.0,1.4285714285714286,100.0,11.29032258064516,,4.301075268817205,,,6.989247311827956,24.193548387096776,5.376344086021505,,6.989247311827956,60.29411764705882,70.96774193548387,51.61290322580645,96.23655913978494,,,,,,,33.8,,,,,,,,,,,,11.29032258064516,4.301075268817205,6.989247311827956,7.5,60.29411764705882,70.96774193548387,51.61290322580645,6.989247311827956,96.23655913978494,57.2,,,,,,,,,,,,,,,,,3.0,True,5.0,True,,,,
Yoane Wissa,Brentford,0.4,57.1,11.6,73.2,7.0,3.0,12.0,,,0.7,46.5,0.5,13.0,2.0,3.0,0.07,0.1,10.6,9.1,0.38,1.4,,,12.0,0.3,9.0,0.9,38.8,0.1,3.0,,,1.0,1.8,7.07,2.0,0.9,1.5,,,0.6,57.1,3.0,2.0,12.0,0.0,30.0,1.1,2.4,7.0,2508,34,COD,17.9,12.0,0.43,0.0,FW,26.0,Forward,10.0,7.0,1.4285714285714286,100.0,,,,,,,,,,,37.03703703703704,24.68354430379747,32.91139240506329,18.354430379746837,66.45569620253164,61.39240506329114,50.63291139240506,37.9746835443038,41.77215189873418,75.30864197530865,44.7,,,,,,,,,,,,,,,,,,,,,,66.45569620253164,61.39240506329114,50.63291139240506,37.9746835443038,41.77215189873418,75.30864197530865,55.6,24.68354430379747,32.91139240506329,37.03703703703704,18.354430379746837,28.2,,,,,,,,,6.0,True,4.0,True
Youri Tielemans,Aston Villa,2.0,66.7,43.3,86.0,5.0,6.0,1.0,,,0.8,60.0,0.4,8.0,2.2,6.0,0.12,0.3,1.3,1.1,0.07,1.2,,,2.0,0.8,15.0,0.3,42.9,0.2,3.0,,,,,6.98,1.0,0.9,2.3,,,1.1,48.8,6.0,2.2,2.0,0.0,18.0,1.0,0.8,3.0,1620,32,BEL,14.3,2.0,0.11,0.0,"MF,FW",26.0,Midfielder,10.0,7.0,1.4285714285714286,100.0,47.8494623655914,,45.69892473118279,,,65.59139784946237,62.365591397849464,63.44086021505376,,30.64516129032258,44.11764705882353,61.29032258064516,92.47311827956989,52.1505376344086,,,,,,,56.6,,,,,,,,,,,,47.8494623655914,45.69892473118279,30.64516129032258,41.4,44.11764705882353,61.29032258064516,92.47311827956989,65.59139784946237,52.1505376344086,63.1,,,,,,,,,,,,,,,,,3.0,True,5.0,True,,,,
Yves Bissouma,Tottenham Hotspur,1.8,72.4,72.9,91.9,,,1.0,,,1.2,69.2,1.8,42.0,1.7,0.0,0.07,0.0,1.4,1.6,0.06,1.5,,,,1.6,37.0,0.2,20.8,0.2,5.0,,,,,7.06,0.0,0.6,2.9,,,2.2,65.0,,,,,11.0,0.5,1.0,9.0,2081,28,MLI,0.0,0.0,0.0,2.0,MF,26.0,Midfielder,10.0,7.0,1.4285714285714286,100.0,95.6989247311828,,94.6236559139785,,,94.6236559139785,95.6989247311828,59.67741935483871,,61.82795698924731,8.333333333333332,25.268817204301076,17.741935483870968,76.34408602150538,,,,,,,63.0,,,,,,,,,,,,95.6989247311828,94.6236559139785,61.82795698924731,84.1,8.333333333333332,25.268817204301076,17.741935483870968,94.6236559139785,76.34408602150538,44.5,,,,,,,,,,,,,,,,,3.0,True,5.0,True,,,,
Zeki Amdouni,Burnley,0.8,64.3,18.0,80.9,2.0,1.0,6.0,,,1.3,38.2,0.5,10.0,1.3,1.0,0.06,0.0,5.8,6.1,0.27,1.0,,,5.0,0.4,9.0,1.0,44.9,0.5,10.0,,,1.0,1.8,6.6,1.0,0.6,2.0,,,0.8,66.7,1.0,1.3,5.0,1.0,16.0,0.7,2.2,2.0,1971,34,SUI,10.2,5.0,0.23,0.0,FW,22.0,Forward,10.0,7.0,1.4285714285714286,100.0,,,,,,,,,,,8.024691358024691,17.72151898734177,7.59493670886076,50.0,24.68354430379747,33.54430379746836,38.607594936708864,49.36708860759494,70.88607594936708,30.246913580246915,33.1,,,,,,,,,,,,,,,,,,,,,,24.68354430379747,33.54430379746836,38.607594936708864,49.36708860759494,70.88607594936708,30.246913580246915,41.2,17.72151898734177,7.59493670886076,8.024691358024691,50.0,20.8,,,,,,,,,6.0,True,4.0,True
Álex Moreno,Aston Villa,1.1,68.4,29.6,83.3,1.0,0.0,1.0,,,1.3,46.9,2.9,33.0,1.0,0.0,0.09,0.0,1.4,1.6,0.12,1.0,,,2.0,1.1,13.0,0.3,50.0,0.2,2.0,,,,,,,0.2,0.8,,,1.0,66.7,,,2.0,0.0,11.0,1.0,0.7,2.0,1030,21,ESP,25.0,2.0,0.17,0.0,DF,30.0,Defender,9.0,7.0,1.2857142857142858,100.0,44.285714285714285,85.71428571428571,62.38095238095238,56.19047619047619,10.476190476190476,27.61904761904762,51.90476190476191,18.571428571428573,99.04761904761905,,,,,,,,,,,,50.7,44.285714285714285,85.71428571428571,62.38095238095238,56.19047619047619,10.476190476190476,51.8,27.61904761904762,51.90476190476191,18.571428571428573,99.04761904761905,49.3,,,,,,,,,,,,,,,,,,,,,,,5.0,True,4.0,True,,,,,,,,
